encoding,mb,px
coarsened,0.0135,0.4411
coarsened,0.0405,0.3404
coarsened,0.0674,0.1786
coarsened,0.0944,0.4572
coarsened,0.1214,0.3598
coarsened,0.1483,0.2577
coarsened,0.1753,0.2807
coarsened,0.2023,0.1521
coarsened,0.2292,-0.1476
coarsened,0.2562,0.4400
coarsened,0.2832,0.4532
coarsened,0.3101,0.2961
coarsened,0.3371,-0.2402
coarsened,0.3641,0.3166
coarsened,0.3910,0.1833
coarsened,0.4180,0.4119
coarsened,0.4450,0.5348
coarsened,0.4720,-0.2109
coarsened,0.4989,0.3272
coarsened,0.5259,0.0725
coarsened,0.5529,0.2311
coarsened,0.5798,0.2198
coarsened,0.6068,-0.2557
coarsened,0.6338,-0.0009
coarsened,0.6607,0.2137
coarsened,0.6877,-0.0619
coarsened,0.7147,-0.3171
coarsened,0.7416,-0.2444
coarsened,0.7686,0.3595
coarsened,0.7956,-0.3576
coarsened,0.8226,-0.3222
coarsened,0.8495,0.1438
coarsened,0.8765,-0.1113
coarsened,0.9035,0.1916
coarsened,0.9304,0.1578
coarsened,0.9574,0.1915
coarsened,0.9844,0.3079
coarsened,1.0113,0.1258
coarsened,1.0383,-0.2400
coarsened,1.0653,-0.1604
coarsened,1.0922,-0.3162
coarsened,1.1192,-0.1938
coarsened,1.1462,-0.4469
coarsened,1.1731,-0.2211
coarsened,1.2001,0.1862
coarsened,1.2271,0.2934
coarsened,1.2541,0.1672
coarsened,1.2810,0.1466
coarsened,1.3080,0.3489
coarsened,1.3350,-0.1568
coarsened,1.3619,0.2937
coarsened,1.3889,0.2406
coarsened,1.4159,0.2641
coarsened,1.4428,0.4400
coarsened,1.4698,0.3240
coarsened,1.4968,-0.4077
coarsened,1.5237,0.4914
coarsened,1.5507,-0.3613
coarsened,1.5777,0.3701
coarsened,1.6047,0.4580
coarsened,1.6316,0.4039
coarsened,1.6586,0.2344
coarsened,1.6856,0.3092
coarsened,1.7125,0.3915
coarsened,1.7395,0.3982
coarsened,1.7665,0.2295
coarsened,1.7934,-0.3424
coarsened,1.8204,0.2626
coarsened,1.8474,-0.3542
coarsened,1.8743,-0.2638
coarsened,1.9013,0.1391
coarsened,1.9283,0.2922
coarsened,1.9552,0.4380
coarsened,1.9822,0.2841
coarsened,2.0092,0.2857
coarsened,2.0362,0.3734
coarsened,2.0631,0.2526
coarsened,2.0901,-0.2611
coarsened,2.1171,-0.1881
coarsened,2.1440,0.3913
coarsened,2.1710,0.3665
coarsened,2.1980,0.4582
coarsened,2.2249,0.1799
coarsened,2.2519,0.2789
coarsened,2.2789,0.3115
coarsened,2.3058,0.4299
coarsened,2.3328,-0.3794
coarsened,2.3598,0.6195
coarsened,2.3867,-0.2528
coarsened,2.4137,-0.2635
coarsened,2.4407,0.2554
coarsened,2.4677,-0.1971
coarsened,2.4946,0.3555
coarsened,2.5216,-0.3538
coarsened,2.5486,-0.3130
coarsened,2.5755,-0.3332
coarsened,2.6025,0.5381
coarsened,2.6295,0.0874
coarsened,2.6564,-0.2057
coarsened,2.6834,0.1170
coarsened,2.7104,-0.3383
coarsened,2.7373,0.1862
coarsened,2.7643,-0.1939
coarsened,2.7913,-0.2125
coarsened,2.8183,0.0000
coarsened,2.8452,0.0000
coarsened,2.8722,0.0000
coarsened,2.8992,0.0000
coarsened,2.9261,0.0000
coarsened,2.9531,0.0000
coarsened,2.9801,0.0000
coarsened,3.0070,0.0000
coarsened,3.0340,0.0000
coarsened,3.0610,0.0000
coarsened,3.0879,0.0000
coarsened,3.1149,0.0000
coarsened,3.1419,0.0000
coarsened,3.1688,0.0000
coarsened,3.1958,0.0000
coarsened,3.2228,0.0000
coarsened,3.2498,0.0000
coarsened,3.2767,0.0000
coarsened,3.3037,0.0000
coarsened,3.3307,0.0000
coarsened,3.3576,0.0000
coarsened,3.3846,0.0000
coarsened,3.4116,0.0000
coarsened,3.4385,0.0000
coarsened,3.4655,0.0000
coarsened,3.4925,0.0000
coarsened,3.5194,0.0000
coarsened,3.5464,0.0000
coarsened,3.5734,0.0000
coarsened,3.6004,0.0000
coarsened,3.6273,0.0000
coarsened,3.6543,0.0000
coarsened,3.6813,0.0000
coarsened,3.7082,0.0000
coarsened,3.7352,0.0000
coarsened,3.7622,0.0000
coarsened,3.7891,0.0000
coarsened,3.8161,0.0000
coarsened,3.8431,0.0000
coarsened,3.8700,0.0000
coarsened,3.8970,0.0000
coarsened,3.9240,0.0000
coarsened,3.9509,0.0000
coarsened,3.9779,0.0000
coarsened,4.0049,0.0000
coarsened,4.0319,0.0000
coarsened,4.0588,0.0000
coarsened,4.0858,0.0000
coarsened,4.1128,0.0000
coarsened,4.1397,0.0000
coarsened,4.1667,0.0000
coarsened,4.1937,0.0000
coarsened,4.2206,0.0000
coarsened,4.2476,0.0000
coarsened,4.2746,0.0000
coarsened,4.3015,0.0000
coarsened,4.3285,0.0000
coarsened,4.3555,0.0000
coarsened,4.3824,0.0000
coarsened,4.4094,0.0000
coarsened,4.4364,0.0000
coarsened,4.4634,0.0000
coarsened,4.4903,0.0000
coarsened,4.5173,0.0000
coarsened,4.5443,0.0000
coarsened,4.5712,0.0000
coarsened,4.5982,0.0000
coarsened,4.6252,0.0000
coarsened,4.6521,0.0000
coarsened,4.6791,0.0000
coarsened,4.7061,0.0000
coarsened,4.7330,0.0000
coarsened,4.7600,0.0000
coarsened,4.7870,0.0000
coarsened,4.8140,0.0000
coarsened,4.8409,0.0000
coarsened,4.8679,0.0000
coarsened,4.8949,0.0000
coarsened,4.9218,0.0000
coarsened,4.9488,0.0000
coarsened,4.9758,0.0000
coarsened,5.0027,0.0000
coarsened,5.0297,0.0000
coarsened,5.0567,0.0000
coarsened,5.0836,0.0000
coarsened,5.1106,0.0000
coarsened,5.1376,0.0000
coarsened,5.1645,0.0000
coarsened,5.1915,0.0000
coarsened,5.2185,0.0000
coarsened,5.2455,0.0000
coarsened,5.2724,0.0000
coarsened,5.2994,0.0000
coarsened,5.3264,0.0000
coarsened,5.3533,0.0000
coarsened,5.3803,0.0000
coarsened,5.4073,0.0000
coarsened,5.4342,0.0000
coarsened,5.4612,0.0000
coarsened,5.4882,0.0000
coarsened,5.5151,0.0000
coarsened,5.5421,0.0000
coarsened,5.5691,0.0000
coarsened,5.5960,0.0000
coarsened,5.6230,0.0000
coarsened,5.6500,0.0000
coarsened,5.6770,0.0000
coarsened,5.7039,0.0000
coarsened,5.7309,0.0000
coarsened,5.7579,0.0000
coarsened,5.7848,0.0000
coarsened,5.8118,0.0000
coarsened,5.8388,0.0000
coarsened,5.8657,0.0000
coarsened,5.8927,0.0000
coarsened,5.9197,0.0000
coarsened,5.9466,0.0000
coarsened,5.9736,0.0000
coarsened,6.0006,0.0000
coarsened,6.0276,0.0000
coarsened,6.0545,0.0000
coarsened,6.0815,0.0000
coarsened,6.1085,0.0000
coarsened,6.1354,0.0000
coarsened,6.1624,0.0000
coarsened,6.1894,0.0000
coarsened,6.2163,0.0000
coarsened,6.2433,0.0000
coarsened,6.2703,0.0000
coarsened,6.2972,0.0000
coarsened,6.3242,0.0000
coarsened,6.3512,0.0000
coarsened,6.3781,0.0000
coarsened,6.4051,0.0000
coarsened,6.4321,0.0000
coarsened,6.4591,0.0000
coarsened,6.4860,0.0000
coarsened,6.5130,0.0000
coarsened,6.5400,0.0000
coarsened,6.5669,0.0000
coarsened,6.5939,0.0000
coarsened,6.6209,0.0000
coarsened,6.6478,0.0000
coarsened,6.6748,0.0000
coarsened,6.7018,0.0000
coarsened,6.7287,0.0000
coarsened,6.7557,0.0000
coarsened,6.7827,0.0000
coarsened,6.8097,0.0000
coarsened,6.8366,0.0000
coarsened,6.8636,0.0000
coarsened,6.8906,0.0000
coarsened,6.9175,0.0000
coarsened,6.9445,0.0000
coarsened,6.9715,0.0000
coarsened,6.9984,0.0000
coarsened,7.0254,0.0000
coarsened,7.0524,0.0000
coarsened,7.0793,0.0000
coarsened,7.1063,0.0000
coarsened,7.1333,0.0000
coarsened,7.1602,0.0000
coarsened,7.1872,0.0000
coarsened,7.2142,0.0000
coarsened,7.2412,0.0000
coarsened,7.2681,0.0000
coarsened,7.2951,0.0000
coarsened,7.3221,0.0000
coarsened,7.3490,0.0000
coarsened,7.3760,0.0000
coarsened,7.4030,0.0000
coarsened,7.4299,0.0000
coarsened,7.4569,0.0000
coarsened,7.4839,0.0000
coarsened,7.5108,0.0000
coarsened,7.5378,0.0000
coarsened,7.5648,0.0000
coarsened,7.5917,0.0000
coarsened,7.6187,0.0000
coarsened,7.6457,0.0000
coarsened,7.6727,0.0000
coarsened,7.6996,0.0000
coarsened,7.7266,-0.3241
coarsened,7.7536,0.1335
coarsened,7.7805,0.4414
coarsened,7.8075,-0.2342
coarsened,7.8345,0.4710
coarsened,7.8614,-0.4266
coarsened,7.8884,0.2105
coarsened,7.9154,0.0000
coarsened,7.9423,-0.3676
coarsened,7.9693,-0.3279
coarsened,7.9963,-0.2722
coarsened,8.0233,-0.1557
coarsened,8.0502,-0.3403
coarsened,8.0772,-0.3548
coarsened,8.1042,-0.1449
coarsened,8.1311,-0.4666
coarsened,8.1581,0.2792
coarsened,8.1851,0.3756
coarsened,8.2120,0.2758
coarsened,8.2390,-0.1584
coarsened,8.2660,0.4321
coarsened,8.2929,0.2603
coarsened,8.3199,-0.4637
coarsened,8.3469,-0.4260
coarsened,8.3738,0.2263
coarsened,8.4008,0.4883
coarsened,8.4278,0.6141
coarsened,8.4548,0.2576
coarsened,8.4817,-0.1535
coarsened,8.5087,0.3954
coarsened,8.5357,0.1883
coarsened,8.5626,-0.3625
coarsened,8.5896,0.1943
coarsened,8.6166,0.4502
coarsened,8.6435,0.3552
coarsened,8.6705,-0.4108
coarsened,8.6975,0.2709
coarsened,8.7244,-0.3363
coarsened,8.7514,0.3875
coarsened,8.7784,0.3394
coarsened,8.8054,-0.4016
coarsened,8.8323,-0.2236
coarsened,8.8593,0.4444
coarsened,8.8863,0.3578
coarsened,8.9132,0.4951
coarsened,8.9402,-0.1501
coarsened,8.9672,0.4091
coarsened,8.9941,-0.3371
coarsened,9.0211,0.2909
coarsened,9.0481,0.2567
coarsened,9.0750,0.3874
coarsened,9.1020,-0.2790
coarsened,9.1290,-0.4143
coarsened,9.1559,0.1947
coarsened,9.1829,-0.5188
coarsened,9.2099,0.2609
coarsened,9.2369,-0.0627
coarsened,9.2638,-0.2258
coarsened,9.2908,-0.2760
coarsened,9.3178,-0.1642
coarsened,9.3447,0.2611
coarsened,9.3717,0.1965
coarsened,9.3987,0.1174
coarsened,9.4256,-0.2954
coarsened,9.4526,0.3238
coarsened,9.4796,0.4022
coarsened,9.5065,0.0486
coarsened,9.5335,0.0904
coarsened,9.5605,0.2862
coarsened,9.5874,-0.3190
coarsened,9.6144,0.2286
coarsened,9.6414,0.2907
coarsened,9.6684,-0.3146
coarsened,9.6953,0.1541
coarsened,9.7223,0.3951
coarsened,9.7493,0.0000
coarsened,9.7762,-0.4721
coarsened,9.8032,0.1927
coarsened,9.8302,-0.3993
coarsened,9.8571,-0.3781
coarsened,9.8841,-0.4160
coarsened,9.9111,0.5199
coarsened,9.9380,0.5098
coarsened,9.9650,0.4941
coarsened,9.9920,-0.1802
coarsened,10.0190,0.1709
coarsened,10.0459,-0.2264
coarsened,10.0729,0.3078
coarsened,10.0999,0.2364
coarsened,10.1268,0.2445
coarsened,10.1538,0.2871
coarsened,10.1808,0.2110
coarsened,10.2077,0.2707
coarsened,10.2347,0.3033
coarsened,10.2617,0.3244
coarsened,10.2886,0.2873
coarsened,10.3156,-0.4508
coarsened,10.3426,-0.4803
coarsened,10.3695,-0.1877
coarsened,10.3965,-0.3258
coarsened,10.4235,0.1410
coarsened,10.4505,-0.2518
coarsened,10.4774,0.2387
coarsened,10.5044,0.2714
coarsened,10.5314,-0.3264
coarsened,10.5583,-0.3437
coarsened,10.5853,0.3034
coarsened,10.6123,0.3519
coarsened,10.6392,0.4030
coarsened,10.6662,0.3082
coarsened,10.6932,0.3131
coarsened,10.7201,0.2820
coarsened,10.7471,0.2657
coarsened,10.7741,-0.1425
coarsened,10.8011,0.2040
coarsened,10.8280,-0.3930
coarsened,10.8550,-0.4184
coarsened,10.8820,-0.4021
coarsened,10.9089,-0.3861
coarsened,10.9359,-0.2687
coarsened,10.9629,-0.0819
coarsened,10.9898,0.2807
coarsened,11.0168,0.2838
coarsened,11.0438,0.3060
coarsened,11.0707,0.4175
coarsened,11.0977,0.2238
coarsened,11.1247,-0.4449
coarsened,11.1516,0.2924
coarsened,11.1786,0.3070
coarsened,11.2056,0.0000
coarsened,11.2326,-0.4406
coarsened,11.2595,-0.2685
coarsened,11.2865,0.3687
coarsened,11.3135,-0.3436
coarsened,11.3404,-0.3655
coarsened,11.3674,0.1506
coarsened,11.3944,0.1803
coarsened,11.4213,0.2109
coarsened,11.4483,-0.3460
coarsened,11.4753,0.2187
coarsened,11.5022,-0.2982
coarsened,11.5292,0.1293
coarsened,11.5562,-0.1587
coarsened,11.5831,-0.2899
coarsened,11.6101,0.2108
coarsened,11.6371,0.3588
coarsened,11.6641,-0.3012
coarsened,11.6910,-0.3867
coarsened,11.7180,-0.2409
coarsened,11.7450,-0.4162
coarsened,11.7719,-0.3159
coarsened,11.7989,0.3581
coarsened,11.8259,0.2666
coarsened,11.8528,0.4493
coarsened,11.8798,-0.3277
coarsened,11.9068,-0.3228
coarsened,11.9337,0.4401
coarsened,11.9607,0.4622
coarsened,11.9877,-0.3747
coarsened,12.0147,-0.3490
coarsened,12.0416,-0.3083
coarsened,12.0686,0.2275
coarsened,12.0956,-0.3696
coarsened,12.1225,-0.3706
coarsened,12.1495,0.2156
coarsened,12.1765,0.1447
coarsened,12.2034,0.2024
coarsened,12.2304,-0.3465
coarsened,12.2574,0.4277
coarsened,12.2843,-0.4295
coarsened,12.3113,-0.7118
coarsened,12.3383,0.2858
coarsened,12.3652,0.1462
coarsened,12.3922,0.3548
coarsened,12.4192,-0.3411
coarsened,12.4462,0.3283
coarsened,12.4731,-0.3518
coarsened,12.5001,0.5631
coarsened,12.5271,-0.4367
coarsened,12.5540,-0.1662
coarsened,12.5810,-0.3370
coarsened,12.6080,-0.4850
coarsened,12.6349,0.4657
coarsened,12.6619,0.4186
coarsened,12.6889,0.2066
coarsened,12.7158,0.2393
coarsened,12.7428,-0.1580
coarsened,12.7698,0.4511
coarsened,12.7968,-0.3325
coarsened,12.8237,-0.1761
coarsened,12.8507,-0.2512
coarsened,12.8777,0.3266
coarsened,12.9046,0.2255
coarsened,12.9316,0.1549
coarsened,12.9586,0.2097
coarsened,12.9855,0.3530
coarsened,13.0125,-0.2548
coarsened,13.0395,0.1714
coarsened,13.0664,0.2082
coarsened,13.0934,0.3171
coarsened,13.1204,-0.3183
coarsened,13.1473,-0.2175
coarsened,13.1743,0.0980
coarsened,13.2013,0.1937
coarsened,13.2283,-0.1870
coarsened,13.2552,0.2550
coarsened,13.2822,-0.3977
coarsened,13.3092,-0.2768
coarsened,13.3361,0.1620
coarsened,13.3631,-0.2605
coarsened,13.3901,-0.3455
coarsened,13.4170,0.4434
coarsened,13.4440,0.2555
coarsened,13.4710,-0.5050
coarsened,13.4979,0.3486
coarsened,13.5249,0.6046
coarsened,13.5519,0.6082
coarsened,13.5788,-0.3496
coarsened,13.6058,-0.2668
coarsened,13.6328,0.3038
coarsened,13.6598,-0.3095
coarsened,13.6867,0.1872
coarsened,13.7137,0.3053
coarsened,13.7407,0.2357
coarsened,13.7676,0.4077
coarsened,13.7946,-0.1742
coarsened,13.8216,0.4865
coarsened,13.8485,-0.2216
coarsened,13.8755,0.3837
coarsened,13.9025,0.4110
coarsened,13.9294,0.2485
coarsened,13.9564,0.2252
coarsened,13.9834,-0.3393
coarsened,14.0104,-0.3072
coarsened,14.0373,-0.3207
coarsened,14.0643,0.2203
coarsened,14.0913,-0.1117
coarsened,14.1182,0.2388
coarsened,14.1452,0.2594
coarsened,14.1722,0.2056
coarsened,14.1991,0.1879
coarsened,14.2261,0.2319
coarsened,14.2531,0.2415
coarsened,14.2800,0.2510
coarsened,14.3070,0.3067
coarsened,14.3340,0.2714
coarsened,14.3609,0.4245
coarsened,14.3879,0.2047
coarsened,14.4149,0.2400
coarsened,14.4419,0.2089
coarsened,14.4688,0.3393
coarsened,14.4958,0.3245
coarsened,14.5228,0.2478
coarsened,14.5497,0.4990
coarsened,14.5767,0.2381
coarsened,14.6037,0.2506
coarsened,14.6306,-0.2618
coarsened,14.6576,-0.0175
coarsened,14.6846,-0.2395
coarsened,14.7115,-0.1255
coarsened,14.7385,0.4813
coarsened,14.7655,-0.3531
coarsened,14.7924,0.5512
coarsened,14.8194,0.3949
coarsened,14.8464,0.4804
coarsened,14.8734,0.2999
coarsened,14.9003,0.3503
coarsened,14.9273,0.1436
coarsened,14.9543,0.1544
coarsened,14.9812,0.4209
coarsened,15.0082,0.2155
coarsened,15.0352,-0.2838
coarsened,15.0621,0.5889
coarsened,15.0891,-0.3290
coarsened,15.1161,-0.3074
coarsened,15.1430,0.2642
coarsened,15.1700,-0.2419
coarsened,15.1970,-0.4010
coarsened,15.2240,0.2234
coarsened,15.2509,-0.3645
coarsened,15.2779,0.2793
coarsened,15.3049,0.2962
coarsened,15.3318,0.4705
coarsened,15.3588,0.6723
coarsened,15.3858,-0.4261
coarsened,15.4127,-0.4807
coarsened,15.4397,-0.3674
coarsened,15.4667,-0.2244
coarsened,15.4936,0.2623
coarsened,15.5206,-0.4415
coarsened,15.5476,0.2084
coarsened,15.5745,0.3016
coarsened,15.6015,-0.3756
coarsened,15.6285,0.3559
coarsened,15.6555,0.1467
coarsened,15.6824,-0.2447
coarsened,15.7094,-0.1814
coarsened,15.7364,0.3784
coarsened,15.7633,0.4528
coarsened,15.7903,0.3652
coarsened,15.8173,-0.1295
coarsened,15.8442,0.1493
coarsened,15.8712,-0.3998
coarsened,15.8982,0.3425
coarsened,15.9251,0.1320
coarsened,15.9521,0.5257
coarsened,15.9791,-0.4807
coarsened,16.0061,0.4147
coarsened,16.0330,0.2128
coarsened,16.0600,0.2738
coarsened,16.0870,0.3462
coarsened,16.1139,0.5144
coarsened,16.1409,0.4772
coarsened,16.1679,-0.1266
coarsened,16.1948,-0.1494
coarsened,16.2218,-0.3249
coarsened,16.2488,0.3117
coarsened,16.2757,0.1471
coarsened,16.3027,-0.3713
coarsened,16.3297,-0.4708
coarsened,16.3566,-0.4073
coarsened,16.3836,-0.3565
coarsened,16.4106,-0.2690
coarsened,16.4376,0.3101
coarsened,16.4645,-0.2385
coarsened,16.4915,0.2470
coarsened,16.5185,0.3691
coarsened,16.5454,0.2342
coarsened,16.5724,-0.3282
coarsened,16.5994,-0.6270
coarsened,16.6263,-0.4483
coarsened,16.6533,-0.4552
coarsened,16.6803,-0.5472
coarsened,16.7072,0.2759
coarsened,16.7342,-0.3707
coarsened,16.7612,-0.0692
coarsened,16.7881,0.1467
coarsened,16.8151,-0.2086
coarsened,16.8421,-0.3553
coarsened,16.8691,-0.2213
coarsened,16.8960,0.2983
coarsened,16.9230,0.2576
coarsened,16.9500,-0.4285
coarsened,16.9769,-0.3246
coarsened,17.0039,-0.3382
coarsened,17.0309,-0.5893
coarsened,17.0578,-0.3996
coarsened,17.0848,0.1879
coarsened,17.1118,0.2537
coarsened,17.1387,0.2660
coarsened,17.1657,0.3714
coarsened,17.1927,-0.2097
coarsened,17.2197,0.2534
coarsened,17.2466,0.3090
coarsened,17.2736,0.1671
coarsened,17.3006,0.2625
coarsened,17.3275,0.1900
coarsened,17.3545,0.2181
coarsened,17.3815,-0.2411
coarsened,17.4084,-0.4604
coarsened,17.4354,0.2709
coarsened,17.4624,0.2100
coarsened,17.4893,0.2331
coarsened,17.5163,-0.4073
coarsened,17.5433,0.1841
coarsened,17.5702,-0.2115
coarsened,17.5972,-0.3835
coarsened,17.6242,0.2474
coarsened,17.6512,0.3183
coarsened,17.6781,0.3328
coarsened,17.7051,0.2350
coarsened,17.7321,0.3366
coarsened,17.7590,-0.2628
coarsened,17.7860,-0.2640
coarsened,17.8130,0.2615
coarsened,17.8399,0.3029
coarsened,17.8669,-0.1846
coarsened,17.8939,-0.4380
coarsened,17.9208,0.2543
coarsened,17.9478,-0.4621
coarsened,17.9748,0.4208
coarsened,18.0018,0.4215
coarsened,18.0287,0.3833
coarsened,18.0557,0.3373
coarsened,18.0827,-0.3765
coarsened,18.1096,-0.3800
coarsened,18.1366,-0.2241
coarsened,18.1636,-0.2874
coarsened,18.1905,-0.1251
coarsened,18.2175,0.3791
coarsened,18.2445,0.3853
coarsened,18.2714,0.2880
coarsened,18.2984,0.2194
coarsened,18.3254,0.3052
coarsened,18.3523,0.2056
coarsened,18.3793,0.4313
coarsened,18.4063,-0.2308
coarsened,18.4333,-0.0288
coarsened,18.4602,0.2520
coarsened,18.4872,0.3272
coarsened,18.5142,0.3321
coarsened,18.5411,-0.1720
coarsened,18.5681,0.1991
coarsened,18.5951,0.3048
coarsened,18.6220,-0.5091
coarsened,18.6490,-0.1622
coarsened,18.6760,-0.1153
coarsened,18.7029,0.1172
coarsened,18.7299,0.3065
coarsened,18.7569,0.2614
coarsened,18.7838,-0.3470
coarsened,18.8108,-0.4109
coarsened,18.8378,0.1288
coarsened,18.8648,0.2384
coarsened,18.8917,0.4280
coarsened,18.9187,0.4865
coarsened,18.9457,0.3212
coarsened,18.9726,0.1930
coarsened,18.9996,0.2671
coarsened,19.0266,0.3192
coarsened,19.0535,0.3411
coarsened,19.0805,0.2086
coarsened,19.1075,-0.3289
coarsened,19.1344,-0.2157
coarsened,19.1614,0.4020
coarsened,19.1884,0.4281
coarsened,19.2154,-0.1681
coarsened,19.2423,-0.2001
coarsened,19.2693,-0.4571
coarsened,19.2963,0.2956
coarsened,19.3232,0.4895
coarsened,19.3502,0.2369
coarsened,19.3772,-0.2965
coarsened,19.4041,-0.1931
coarsened,19.4311,-0.3735
coarsened,19.4581,-0.1490
coarsened,19.4850,0.0916
coarsened,19.5120,-0.2644
coarsened,19.5390,0.2384
coarsened,19.5659,0.3854
coarsened,19.5929,0.4885
coarsened,19.6199,-0.2032
coarsened,19.6469,-0.4231
coarsened,19.6738,-0.3354
coarsened,19.7008,-0.3336
coarsened,19.7278,-0.2730
coarsened,19.7547,0.4757
coarsened,19.7817,-0.3366
coarsened,19.8087,0.3104
coarsened,19.8356,-0.2725
coarsened,19.8626,0.3026
coarsened,19.8896,-0.4599
coarsened,19.9165,0.1673
coarsened,19.9435,0.3849
coarsened,19.9705,0.3400
coarsened,19.9975,0.4080
coarsened,20.0244,-0.1404
coarsened,20.0514,-0.4863
coarsened,20.0784,0.2884
coarsened,20.1053,0.2235
coarsened,20.1323,0.2684
coarsened,20.1593,-0.3241
coarsened,20.1862,-0.2297
coarsened,20.2132,-0.1604
coarsened,20.2402,-0.1889
coarsened,20.2671,-0.2770
coarsened,20.2941,0.1413
coarsened,20.3211,0.2130
coarsened,20.3480,0.5732
coarsened,20.3750,0.4239
coarsened,20.4020,0.1851
coarsened,20.4290,0.4752
coarsened,20.4559,0.2018
coarsened,20.4829,-0.1905
coarsened,20.5099,-0.3027
coarsened,20.5368,0.4187
coarsened,20.5638,-0.2428
coarsened,20.5908,0.5110
coarsened,20.6177,-0.4074
coarsened,20.6447,0.3806
coarsened,20.6717,0.4431
coarsened,20.6986,0.3455
coarsened,20.7256,0.2231
coarsened,20.7526,0.2986
coarsened,20.7795,0.1312
coarsened,20.8065,-0.1920
coarsened,20.8335,0.3214
coarsened,20.8605,0.3647
coarsened,20.8874,-0.4080
coarsened,20.9144,0.2327
coarsened,20.9414,0.0000
coarsened,20.9683,-0.3205
coarsened,20.9953,-0.4384
coarsened,21.0223,0.0000
coarsened,21.0492,0.1017
coarsened,21.0762,0.0684
coarsened,21.1032,0.2850
coarsened,21.1301,-0.1199
coarsened,21.1571,0.2993
coarsened,21.1841,0.6080
coarsened,21.2111,-0.4855
coarsened,21.2380,0.3659
coarsened,21.2650,-0.3777
coarsened,21.2920,0.2409
coarsened,21.3189,0.2712
coarsened,21.3459,-0.2820
coarsened,21.3729,0.2092
coarsened,21.3998,0.2417
coarsened,21.4268,0.3403
coarsened,21.4538,0.3868
coarsened,21.4807,-0.2191
coarsened,21.5077,0.3457
coarsened,21.5347,0.3398
coarsened,21.5616,-0.4273
coarsened,21.5886,-0.0152
coarsened,21.6156,-0.4950
coarsened,21.6426,-0.3036
coarsened,21.6695,0.2657
coarsened,21.6965,0.3296
coarsened,21.7235,-0.2606
coarsened,21.7504,0.0000
coarsened,21.7774,-0.3533
coarsened,21.8044,0.2065
coarsened,21.8313,0.0390
coarsened,21.8583,0.4494
coarsened,21.8853,-0.1454
coarsened,21.9122,0.1138
coarsened,21.9392,0.1829
coarsened,21.9662,0.1878
coarsened,21.9932,-0.3329
coarsened,22.0201,0.1519
coarsened,22.0471,0.3583
coarsened,22.0741,0.3533
coarsened,22.1010,0.4538
coarsened,22.1280,-0.3274
coarsened,22.1550,0.1926
coarsened,22.1819,0.3514
coarsened,22.2089,0.2248
coarsened,22.2359,0.2635
coarsened,22.2628,0.2613
coarsened,22.2898,-0.1816
coarsened,22.3168,0.4727
coarsened,22.3437,0.4896
coarsened,22.3707,0.0989
coarsened,22.3977,0.3400
coarsened,22.4247,0.1909
coarsened,22.4516,0.1546
coarsened,22.4786,-0.3111
coarsened,22.5056,-0.2591
coarsened,22.5325,-0.2366
coarsened,22.5595,0.4803
coarsened,22.5865,-0.2830
coarsened,22.6134,-0.3027
coarsened,22.6404,0.3691
coarsened,22.6674,0.1259
coarsened,22.6943,0.2177
coarsened,22.7213,0.2065
coarsened,22.7483,0.4066
coarsened,22.7752,0.2960
coarsened,22.8022,-0.0593
coarsened,22.8292,0.2301
coarsened,22.8562,0.0519
coarsened,22.8831,0.0000
coarsened,22.9101,-0.2012
coarsened,22.9371,-0.2136
coarsened,22.9640,0.1701
coarsened,22.9910,0.3728
coarsened,23.0180,0.2579
coarsened,23.0449,0.4409
coarsened,23.0719,0.4103
coarsened,23.0989,0.3928
coarsened,23.1258,0.2894
coarsened,23.1528,0.2946
coarsened,23.1798,0.3414
coarsened,23.2068,0.3026
coarsened,23.2337,-0.3151
coarsened,23.2607,0.1589
coarsened,23.2877,0.2611
coarsened,23.3146,-0.4962
coarsened,23.3416,0.3426
coarsened,23.3686,0.3248
coarsened,23.3955,-0.4672
coarsened,23.4225,0.4179
coarsened,23.4495,-0.1908
coarsened,23.4764,0.2169
coarsened,23.5034,0.2273
coarsened,23.5304,0.1372
coarsened,23.5573,-0.2016
coarsened,23.5843,-0.4909
coarsened,23.6113,-0.3001
coarsened,23.6383,-0.4395
coarsened,23.6652,-0.2529
coarsened,23.6922,0.3130
coarsened,23.7192,0.2846
coarsened,23.7461,0.2385
coarsened,23.7731,0.3736
coarsened,23.8001,0.6118
coarsened,23.8270,0.0261
coarsened,23.8540,0.1848
coarsened,23.8810,0.1776
coarsened,23.9079,0.2271
coarsened,23.9349,0.4854
coarsened,23.9619,0.2809
coarsened,23.9888,0.1401
coarsened,24.0158,-0.3424
coarsened,24.0428,-0.2181
coarsened,24.0698,-0.3460
coarsened,24.0967,-0.2024
coarsened,24.1237,-0.3277
coarsened,24.1507,-0.1422
coarsened,24.1776,0.3535
coarsened,24.2046,0.3035
coarsened,24.2316,0.2058
coarsened,24.2585,0.3034
coarsened,24.2855,0.1217
coarsened,24.3125,-0.2845
coarsened,24.3394,-0.2554
coarsened,24.3664,0.2950
coarsened,24.3934,0.4343
coarsened,24.4204,0.1932
coarsened,24.4473,-0.2536
coarsened,24.4743,-0.1357
coarsened,24.5013,-0.1965
coarsened,24.5282,-0.3118
coarsened,24.5552,-0.4648
coarsened,24.5822,0.1836
coarsened,24.6091,-0.2238
coarsened,24.6361,-0.3323
coarsened,24.6631,-0.3961
coarsened,24.6900,0.3035
coarsened,24.7170,-0.2283
coarsened,24.7440,-0.1871
coarsened,24.7709,0.3686
coarsened,24.7979,-0.3118
coarsened,24.8249,0.2878
coarsened,24.8519,0.4359
coarsened,24.8788,0.5638
coarsened,24.9058,0.4338
coarsened,24.9328,0.3582
coarsened,24.9597,0.3766
coarsened,24.9867,-0.3648
coarsened,25.0137,0.1730
coarsened,25.0406,-0.2551
coarsened,25.0676,0.1585
coarsened,25.0946,-0.4772
coarsened,25.1215,-0.3704
coarsened,25.1485,0.2396
coarsened,25.1755,-0.2758
coarsened,25.2025,0.0290
coarsened,25.2294,0.3281
coarsened,25.2564,-0.4700
coarsened,25.2834,0.3015
coarsened,25.3103,0.0488
coarsened,25.3373,-0.2722
coarsened,25.3643,-0.3175
coarsened,25.3912,0.2898
coarsened,25.4182,0.3015
coarsened,25.4452,0.2618
coarsened,25.4721,-0.3840
coarsened,25.4991,-0.3301
coarsened,25.5261,0.4084
coarsened,25.5530,0.4350
coarsened,25.5800,0.2635
coarsened,25.6070,0.1578
coarsened,25.6340,-0.2140
coarsened,25.6609,-0.3014
coarsened,25.6879,0.1865
coarsened,25.7149,0.1918
coarsened,25.7418,0.2169
coarsened,25.7688,0.1368
coarsened,25.7958,0.4504
coarsened,25.8227,0.4293
coarsened,25.8497,0.4841
coarsened,25.8767,0.3621
coarsened,25.9036,0.2615
coarsened,25.9306,-0.2530
coarsened,25.9576,-0.2410
coarsened,25.9845,-0.4166
coarsened,26.0115,-0.2534
coarsened,26.0385,0.3078
coarsened,26.0655,-0.2092
coarsened,26.0924,0.3612
coarsened,26.1194,0.2856
coarsened,26.1464,-0.1667
coarsened,26.1733,0.3118
coarsened,26.2003,0.3181
coarsened,26.2273,-0.2889
coarsened,26.2542,0.4720
coarsened,26.2812,0.4561
coarsened,26.3082,-0.3898
coarsened,26.3351,0.1912
coarsened,26.3621,-0.4582
coarsened,26.3891,0.1850
coarsened,26.4161,-0.3148
coarsened,26.4430,-0.3639
coarsened,26.4700,0.4506
coarsened,26.4970,0.5485
coarsened,26.5239,0.0000
coarsened,26.5509,0.3060
coarsened,26.5779,-0.3336
coarsened,26.6048,-0.0055
coarsened,26.6318,0.2401
coarsened,26.6588,0.4887
coarsened,26.6857,-0.2187
coarsened,26.7127,0.3643
coarsened,26.7397,-0.3545
coarsened,26.7666,0.2265
coarsened,26.7936,0.2759
coarsened,26.8206,-0.3361
coarsened,26.8476,0.3613
coarsened,26.8745,-0.2088
coarsened,26.9015,-0.4394
coarsened,26.9285,-0.3253
coarsened,26.9554,-0.4932
coarsened,26.9824,0.2433
coarsened,27.0094,-0.2804
coarsened,27.0363,0.1886
coarsened,27.0633,-0.2437
coarsened,27.0903,0.1467
coarsened,27.1172,0.0000
coarsened,27.1442,0.0000
coarsened,27.1712,0.0000
coarsened,27.1982,0.0000
coarsened,27.2251,0.0000
coarsened,27.2521,0.0000
coarsened,27.2791,0.0000
coarsened,27.3060,0.0000
coarsened,27.3330,0.0000
coarsened,27.3600,0.0000
coarsened,27.3869,0.0000
coarsened,27.4139,-0.4463
coarsened,27.4409,0.1314
coarsened,27.4678,-0.0054
coarsened,27.4948,0.4536
coarsened,27.5218,0.0000
coarsened,27.5487,0.0000
coarsened,27.5757,0.0000
coarsened,27.6027,0.0000
coarsened,27.6297,0.0000
coarsened,27.6566,0.0000
coarsened,27.6836,0.0000
coarsened,27.7106,0.0000
coarsened,27.7375,0.0000
coarsened,27.7645,0.0000
coarsened,27.7915,0.0000
coarsened,27.8184,0.0000
coarsened,27.8454,0.0000
coarsened,27.8724,0.0000
coarsened,27.8993,0.0000
coarsened,27.9263,0.0000
coarsened,27.9533,0.0000
coarsened,27.9802,0.0000
coarsened,28.0072,0.0000
coarsened,28.0342,0.0000
coarsened,28.0612,0.0000
coarsened,28.0881,0.0000
coarsened,28.1151,0.0000
coarsened,28.1421,0.0000
coarsened,28.1690,0.0000
coarsened,28.1960,0.0000
coarsened,28.2230,0.0000
coarsened,28.2499,0.0000
coarsened,28.2769,0.0000
coarsened,28.3039,0.0000
coarsened,28.3308,0.0000
coarsened,28.3578,0.0000
coarsened,28.3848,0.0000
coarsened,28.4118,0.0000
coarsened,28.4387,0.0000
coarsened,28.4657,0.0000
coarsened,28.4927,0.0000
coarsened,28.5196,0.0000
coarsened,28.5466,0.0000
coarsened,28.5736,0.4107
coarsened,28.6005,-0.3519
coarsened,28.6275,0.2596
coarsened,28.6545,-0.2587
coarsened,28.6814,0.2348
coarsened,28.7084,0.3424
coarsened,28.7354,-0.2746
coarsened,28.7623,0.1856
coarsened,28.7893,0.3322
coarsened,28.8163,0.3814
coarsened,28.8433,0.1238
coarsened,28.8702,0.3664
coarsened,28.8972,-0.1777
coarsened,28.9242,0.4075
coarsened,28.9511,-0.4268
coarsened,28.9781,-0.4552
coarsened,29.0051,0.2003
coarsened,29.0320,-0.2983
coarsened,29.0590,0.1364
coarsened,29.0860,0.2783
coarsened,29.1129,-0.2610
coarsened,29.1399,0.5356
coarsened,29.1669,0.6632
coarsened,29.1939,0.3928
coarsened,29.2208,-0.0863
coarsened,29.2478,0.3026
coarsened,29.2748,-0.2766
coarsened,29.3017,0.0981
coarsened,29.3287,0.1295
coarsened,29.3557,-0.3276
coarsened,29.3826,0.1209
coarsened,29.4096,0.3566
coarsened,29.4366,0.2469
coarsened,29.4635,0.1510
coarsened,29.4905,-0.3527
coarsened,29.5175,-0.4374
coarsened,29.5444,0.3627
coarsened,29.5714,-0.2518
coarsened,29.5984,-0.5084
coarsened,29.6254,-0.3914
coarsened,29.6523,-0.2543
coarsened,29.6793,0.2100
coarsened,29.7063,0.2288
coarsened,29.7332,0.2377
coarsened,29.7602,0.4688
coarsened,29.7872,0.2396
coarsened,29.8141,-0.3137
coarsened,29.8411,0.4976
coarsened,29.8681,-0.2537
coarsened,29.8950,0.2527
coarsened,29.9220,0.1391
coarsened,29.9490,0.3636
coarsened,29.9759,-0.2683
coarsened,30.0029,-0.2121
coarsened,30.0299,0.2042
coarsened,30.0569,0.3159
coarsened,30.0838,-0.3072
coarsened,30.1108,-0.4235
coarsened,30.1378,0.3278
coarsened,30.1647,0.2743
coarsened,30.1917,-0.3040
coarsened,30.2187,0.1106
coarsened,30.2456,-0.3181
coarsened,30.2726,-0.2143
coarsened,30.2996,-0.3413
coarsened,30.3265,0.2519
coarsened,30.3535,-0.3675
coarsened,30.3805,0.3004
coarsened,30.4075,0.2667
coarsened,30.4344,0.2844
coarsened,30.4614,0.3681
coarsened,30.4884,0.3634
coarsened,30.5153,0.7174
coarsened,30.5423,-0.4659
coarsened,30.5693,-0.3081
coarsened,30.5962,0.3395
coarsened,30.6232,-0.2210
coarsened,30.6502,-0.2218
coarsened,30.6771,0.3964
coarsened,30.7041,0.3213
coarsened,30.7311,0.4444
coarsened,30.7580,0.3578
coarsened,30.7850,-0.3416
coarsened,30.8120,0.3206
coarsened,30.8390,0.3177
coarsened,30.8659,0.2613
coarsened,30.8929,0.3774
coarsened,30.9199,-0.3019
coarsened,30.9468,-0.5789
coarsened,30.9738,0.4802
coarsened,31.0008,-0.1304
coarsened,31.0277,0.1777
coarsened,31.0547,0.1765
coarsened,31.0817,0.2159
coarsened,31.1086,0.0284
coarsened,31.1356,-0.2303
coarsened,31.1626,-0.3402
coarsened,31.1896,-0.3642
coarsened,31.2165,0.4790
coarsened,31.2435,0.3784
coarsened,31.2705,-0.3070
coarsened,31.2974,-0.2998
coarsened,31.3244,0.4806
coarsened,31.3514,0.4592
coarsened,31.3783,0.2631
coarsened,31.4053,-0.1689
coarsened,31.4323,-0.3220
coarsened,31.4592,-0.2391
coarsened,31.4862,0.1875
coarsened,31.5132,0.1932
coarsened,31.5401,-0.3171
coarsened,31.5671,0.2603
coarsened,31.5941,0.2731
coarsened,31.6211,-0.3947
coarsened,31.6480,-0.3520
coarsened,31.6750,0.3019
coarsened,31.7020,0.4420
coarsened,31.7289,0.5162
coarsened,31.7559,0.6941
coarsened,31.7829,0.6988
coarsened,31.8098,0.2560
coarsened,31.8368,0.2415
coarsened,31.8638,0.2320
coarsened,31.8907,0.3752
coarsened,31.9177,0.3475
coarsened,31.9447,0.2083
coarsened,31.9716,-0.3967
coarsened,31.9986,-0.2055
coarsened,32.0256,-0.0568
coarsened,32.0526,-0.2850
coarsened,32.0795,0.4231
coarsened,32.1065,0.3471
coarsened,32.1335,0.3327
coarsened,32.1604,-0.4810
coarsened,32.1874,0.2459
coarsened,32.2144,-0.3152
coarsened,32.2413,0.1622
coarsened,32.2683,0.3343
coarsened,32.2953,-0.3204
coarsened,32.3222,-0.4162
coarsened,32.3492,0.2720
coarsened,32.3762,0.2049
coarsened,32.4032,0.0000
coarsened,32.4301,-0.1776
coarsened,32.4571,0.1396
coarsened,32.4841,-0.3363
coarsened,32.5110,-0.2430
coarsened,32.5380,-0.1623
coarsened,32.5650,-0.2293
coarsened,32.5919,0.5743
coarsened,32.6189,0.2540
coarsened,32.6459,-0.2258
coarsened,32.6728,0.2968
coarsened,32.6998,0.2221
coarsened,32.7268,0.3518
coarsened,32.7537,-0.3950
coarsened,32.7807,-0.4399
coarsened,32.8077,-0.1822
coarsened,32.8347,-0.2136
coarsened,32.8616,0.3996
coarsened,32.8886,0.4096
coarsened,32.9156,-0.3934
coarsened,32.9425,0.1360
coarsened,32.9695,0.4095
coarsened,32.9965,0.3099
coarsened,33.0234,-0.4110
coarsened,33.0504,0.2251
coarsened,33.0774,0.2738
coarsened,33.1043,0.2280
coarsened,33.1313,-0.3184
coarsened,33.1583,0.2067
coarsened,33.1852,0.2675
coarsened,33.2122,0.4288
coarsened,33.2392,0.1906
coarsened,33.2662,0.2330
coarsened,33.2931,0.2378
coarsened,33.3201,0.4932
coarsened,33.3471,0.3133
coarsened,33.3740,0.3178
coarsened,33.4010,0.2700
coarsened,33.4280,-0.3221
coarsened,33.4549,0.3647
coarsened,33.4819,-0.3846
coarsened,33.5089,0.2457
coarsened,33.5358,-0.1842
coarsened,33.5628,-0.3532
coarsened,33.5898,0.2074
coarsened,33.6168,0.2094
coarsened,33.6437,0.1639
coarsened,33.6707,0.2339
coarsened,33.6977,0.3905
coarsened,33.7246,-0.5964
coarsened,33.7516,-0.5965
coarsened,33.7786,0.1997
coarsened,33.8055,0.3531
coarsened,33.8325,-0.3713
coarsened,33.8595,-0.2575
coarsened,33.8864,0.4877
coarsened,33.9134,0.4534
coarsened,33.9404,-0.2947
coarsened,33.9673,0.3052
coarsened,33.9943,0.4445
coarsened,34.0213,-0.0962
coarsened,34.0483,0.6710
coarsened,34.0752,0.2556
coarsened,34.1022,-0.4973
coarsened,34.1292,0.2690
coarsened,34.1561,0.3083
coarsened,34.1831,0.4523
coarsened,34.2101,0.3096
coarsened,34.2370,-0.2565
coarsened,34.2640,0.4462
coarsened,34.2910,-0.2614
coarsened,34.3179,0.1649
coarsened,34.3449,-0.4540
coarsened,34.3719,0.5337
coarsened,34.3989,0.4817
coarsened,34.4258,-0.2927
coarsened,34.4528,-0.2925
coarsened,34.4798,0.3240
coarsened,34.5067,0.1722
coarsened,34.5337,-0.2522
coarsened,34.5607,-0.4601
coarsened,34.5876,0.3297
coarsened,34.6146,0.1305
coarsened,34.6416,0.3696
coarsened,34.6685,-0.3758
coarsened,34.6955,0.2021
coarsened,34.7225,0.3832
coarsened,34.7494,-0.2873
coarsened,34.7764,-0.2155
coarsened,34.8034,0.3808
coarsened,34.8304,-0.2244
coarsened,34.8573,-0.1795
coarsened,34.8843,0.4300
coarsened,34.9113,-0.3910
coarsened,34.9382,0.2264
coarsened,34.9652,-0.2667
coarsened,34.9922,-0.3709
coarsened,35.0191,-0.4441
coarsened,35.0461,-0.3907
coarsened,35.0731,0.1846
coarsened,35.1000,0.2504
coarsened,35.1270,0.2198
coarsened,35.1540,0.3730
coarsened,35.1809,0.1580
coarsened,35.2079,-0.2097
coarsened,35.2349,-0.2321
coarsened,35.2619,0.2011
coarsened,35.2888,-0.3861
coarsened,35.3158,0.2564
coarsened,35.3428,-0.2912
coarsened,35.3697,0.2838
coarsened,35.3967,-0.0927
coarsened,35.4237,0.3919
coarsened,35.4506,0.2664
coarsened,35.4776,0.2613
coarsened,35.5046,0.1902
coarsened,35.5315,0.1529
coarsened,35.5585,0.1051
coarsened,35.5855,-0.1250
coarsened,35.6125,-0.4678
coarsened,35.6394,0.2486
coarsened,35.6664,0.4285
coarsened,35.6934,0.3859
coarsened,35.7203,0.2170
coarsened,35.7473,0.2280
coarsened,35.7743,0.2725
coarsened,35.8012,-0.3603
coarsened,35.8282,-0.2278
coarsened,35.8552,0.3151
coarsened,35.8821,0.2689
coarsened,35.9091,-0.2695
coarsened,35.9361,-0.3803
coarsened,35.9630,0.1583
coarsened,35.9900,-0.3060
coarsened,36.0170,0.1994
coarsened,36.0440,0.2186
coarsened,36.0709,0.2217
coarsened,36.0979,-0.2682
coarsened,36.1249,-0.3844
coarsened,36.1518,-0.3911
coarsened,36.1788,-0.3164
coarsened,36.2058,-0.4043
coarsened,36.2327,-0.3851
coarsened,36.2597,0.2470
coarsened,36.2867,-0.3746
coarsened,36.3136,0.4139
coarsened,36.3406,0.1166
coarsened,36.3676,0.4818
coarsened,36.3946,-0.4512
coarsened,36.4215,-0.1662
coarsened,36.4485,0.2911
coarsened,36.4755,-0.1576
coarsened,36.5024,0.1439
coarsened,36.5294,-0.3067
coarsened,36.5564,-0.4837
coarsened,36.5833,0.4023
coarsened,36.6103,0.3588
coarsened,36.6373,0.4489
coarsened,36.6642,0.3499
coarsened,36.6912,0.2694
coarsened,36.7182,0.1401
coarsened,36.7451,0.1594
coarsened,36.7721,0.2585
coarsened,36.7991,0.2556
coarsened,36.8261,0.2702
coarsened,36.8530,0.2575
coarsened,36.8800,0.1302
coarsened,36.9070,0.2330
coarsened,36.9339,0.1823
coarsened,36.9609,0.2305
coarsened,36.9879,-0.2418
coarsened,37.0148,0.0840
coarsened,37.0418,-0.5322
coarsened,37.0688,-0.2929
coarsened,37.0957,-0.2328
coarsened,37.1227,0.2569
coarsened,37.1497,-0.3942
coarsened,37.1766,-0.3107
coarsened,37.2036,0.2226
coarsened,37.2306,0.4521
coarsened,37.2576,0.1612
coarsened,37.2845,-0.3262
coarsened,37.3115,-0.4398
coarsened,37.3385,-0.3590
coarsened,37.3654,0.2643
coarsened,37.3924,-0.0143
coarsened,37.4194,-0.0573
coarsened,37.4463,-0.0335
coarsened,37.4733,-0.1194
coarsened,37.5003,0.3669
coarsened,37.5272,-0.2765
coarsened,37.5542,0.4888
coarsened,37.5812,0.5422
coarsened,37.6082,0.4218
coarsened,37.6351,-0.2252
coarsened,37.6621,0.3783
coarsened,37.6891,0.1283
coarsened,37.7160,0.3665
coarsened,37.7430,0.4507
coarsened,37.7700,0.2950
coarsened,37.7969,0.1627
coarsened,37.8239,0.1908
coarsened,37.8509,-0.3099
coarsened,37.8778,-0.3172
coarsened,37.9048,0.2694
coarsened,37.9318,-0.2454
coarsened,37.9587,0.1869
coarsened,37.9857,0.2037
coarsened,38.0127,0.1260
coarsened,38.0397,-0.4700
coarsened,38.0666,-0.3861
coarsened,38.0936,-0.3643
coarsened,38.1206,0.3705
coarsened,38.1475,0.4107
coarsened,38.1745,-0.3579
coarsened,38.2015,0.2956
coarsened,38.2284,-0.2419
coarsened,38.2554,-0.4779
coarsened,38.2824,-0.4572
coarsened,38.3093,-0.2783
coarsened,38.3363,-0.3057
coarsened,38.3633,0.2578
coarsened,38.3903,0.1834
coarsened,38.4172,-0.3969
coarsened,38.4442,-0.1636
coarsened,38.4712,0.1747
coarsened,38.4981,-0.1192
coarsened,38.5251,-0.3371
coarsened,38.5521,-0.1025
coarsened,38.5790,0.4165
coarsened,38.6060,0.3502
coarsened,38.6330,-0.2902
coarsened,38.6599,0.1817
coarsened,38.6869,0.1851
coarsened,38.7139,0.4351
coarsened,38.7408,-0.2257
coarsened,38.7678,-0.3861
coarsened,38.7948,0.3273
coarsened,38.8218,0.3625
coarsened,38.8487,0.4351
coarsened,38.8757,0.2040
coarsened,38.9027,-0.3999
coarsened,38.9296,0.3555
coarsened,38.9566,0.3492
coarsened,38.9836,-0.2589
coarsened,39.0105,-0.2771
coarsened,39.0375,0.4738
coarsened,39.0645,0.4716
coarsened,39.0914,-0.2455
coarsened,39.1184,-0.1130
coarsened,39.1454,0.2205
coarsened,39.1723,-0.3605
coarsened,39.1993,0.3159
coarsened,39.2263,-0.2771
coarsened,39.2533,-0.0919
coarsened,39.2802,0.4719
coarsened,39.3072,-0.2880
coarsened,39.3342,-0.2459
coarsened,39.3611,0.4901
coarsened,39.3881,0.0569
coarsened,39.4151,-0.3837
coarsened,39.4420,-0.1290
coarsened,39.4690,-0.3644
coarsened,39.4960,-0.2701
coarsened,39.5229,-0.3749
coarsened,39.5499,-0.2496
coarsened,39.5769,-0.3751
coarsened,39.6039,-0.1613
coarsened,39.6308,0.3309
coarsened,39.6578,0.2474
coarsened,39.6848,0.2284
coarsened,39.7117,-0.3387
coarsened,39.7387,-0.2568
coarsened,39.7657,0.2756
coarsened,39.7926,0.2819
coarsened,39.8196,0.0519
coarsened,39.8466,-0.4106
coarsened,39.8735,0.1290
coarsened,39.9005,0.5417
coarsened,39.9275,0.6022
coarsened,39.9544,0.3712
coarsened,39.9814,-0.2996
coarsened,40.0084,-0.1736
coarsened,40.0354,0.0834
coarsened,40.0623,-0.0114
coarsened,40.0893,-0.0768
coarsened,40.1163,-0.2991
coarsened,40.1432,-0.2513
coarsened,40.1702,0.1244
coarsened,40.1972,-0.2142
coarsened,40.2241,-0.4393
coarsened,40.2511,0.2072
coarsened,40.2781,-0.3697
coarsened,40.3050,-0.2797
coarsened,40.3320,0.3496
coarsened,40.3590,-0.3808
coarsened,40.3860,0.2365
coarsened,40.4129,0.3977
coarsened,40.4399,-0.3066
coarsened,40.4669,0.1680
coarsened,40.4938,-0.4497
coarsened,40.5208,0.1364
coarsened,40.5478,-0.5311
coarsened,40.5747,-0.2703
coarsened,40.6017,-0.4552
coarsened,40.6287,-0.4166
coarsened,40.6556,0.3017
coarsened,40.6826,0.3476
coarsened,40.7096,0.3930
coarsened,40.7365,-0.4033
coarsened,40.7635,0.1872
coarsened,40.7905,0.2543
coarsened,40.8175,0.3308
coarsened,40.8444,0.5082
coarsened,40.8714,0.4953
coarsened,40.8984,-0.2568
coarsened,40.9253,0.3055
coarsened,40.9523,-0.3486
coarsened,40.9793,0.3409
coarsened,41.0062,0.4565
coarsened,41.0332,0.3303
coarsened,41.0602,0.5014
coarsened,41.0871,-0.3826
coarsened,41.1141,0.4089
coarsened,41.1411,0.1619
coarsened,41.1680,0.3938
coarsened,41.1950,0.3992
coarsened,41.2220,0.4403
coarsened,41.2490,0.3171
coarsened,41.2759,0.4632
coarsened,41.3029,0.3732
coarsened,41.3299,0.4377
coarsened,41.3568,0.3206
coarsened,41.3838,0.4285
coarsened,41.4108,-0.4806
coarsened,41.4377,0.2930
coarsened,41.4647,-0.3001
coarsened,41.4917,0.1465
coarsened,41.5186,0.2721
coarsened,41.5456,0.1363
coarsened,41.5726,-0.2040
coarsened,41.5996,0.3895
coarsened,41.6265,-0.0645
coarsened,41.6535,-0.2511
coarsened,41.6805,0.3485
coarsened,41.7074,0.2505
coarsened,41.7344,-0.3615
coarsened,41.7614,0.2820
coarsened,41.7883,-0.3777
coarsened,41.8153,0.0681
coarsened,41.8423,0.0000
coarsened,41.8692,0.2147
coarsened,41.8962,0.1486
coarsened,41.9232,-0.2453
coarsened,41.9501,0.3231
coarsened,41.9771,-0.2633
coarsened,42.0041,-0.0744
coarsened,42.0311,-0.0812
coarsened,42.0580,-0.4501
coarsened,42.0850,-0.1856
coarsened,42.1120,-0.0811
coarsened,42.1389,-0.4000
coarsened,42.1659,0.1477
coarsened,42.1929,0.1891
coarsened,42.2198,0.0000
coarsened,42.2468,0.0000
coarsened,42.2738,0.0000
coarsened,42.3007,0.0000
coarsened,42.3277,0.0000
coarsened,42.3547,0.0000
coarsened,42.3816,0.0000
coarsened,42.4086,0.0000
coarsened,42.4356,0.0000
coarsened,42.4626,0.0000
coarsened,42.4895,0.0000
coarsened,42.5165,0.0000
coarsened,42.5435,0.0000
coarsened,42.5704,0.0000
coarsened,42.5974,0.0000
coarsened,42.6244,0.0000
coarsened,42.6513,0.0000
coarsened,42.6783,0.0000
coarsened,42.7053,0.0000
coarsened,42.7322,0.0000
coarsened,42.7592,0.0000
coarsened,42.7862,0.0000
coarsened,42.8132,0.0000
coarsened,42.8401,0.0000
coarsened,42.8671,0.0000
coarsened,42.8941,0.0000
coarsened,42.9210,0.1168
coarsened,42.9480,0.1393
coarsened,42.9750,-0.2138
coarsened,43.0019,-0.1587
coarsened,43.0289,0.4309
coarsened,43.0559,-0.2459
coarsened,43.0828,0.0613
coarsened,43.1098,0.0000
coarsened,43.1368,-0.0334
coarsened,43.1637,0.1789
coarsened,43.1907,0.4471
coarsened,43.2177,-0.3207
coarsened,43.2447,-0.3006
coarsened,43.2716,0.0414
coarsened,43.2986,0.2957
coarsened,43.3256,-0.1973
coarsened,43.3525,-0.2822
coarsened,43.3795,0.0000
coarsened,43.4065,0.0000
coarsened,43.4334,0.0000
coarsened,43.4604,-0.3219
coarsened,43.4874,-0.4003
coarsened,43.5143,-0.3224
coarsened,43.5413,0.3085
coarsened,43.5683,0.3186
coarsened,43.5953,0.4406
coarsened,43.6222,-0.1933
coarsened,43.6492,0.3277
coarsened,43.6762,-0.2832
coarsened,43.7031,-0.2936
coarsened,43.7301,0.6555
coarsened,43.7571,0.3272
coarsened,43.7840,0.3303
coarsened,43.8110,-0.4377
coarsened,43.8380,-0.3402
coarsened,43.8649,0.4142
coarsened,43.8919,-0.4483
coarsened,43.9189,-0.2085
coarsened,43.9458,0.4222
coarsened,43.9728,-0.4665
coarsened,43.9998,-0.3497
coarsened,44.0268,0.3170
coarsened,44.0537,0.1124
coarsened,44.0807,-0.3217
coarsened,44.1077,0.3528
coarsened,44.1346,0.0304
coarsened,44.1616,0.4940
coarsened,44.1886,0.3292
coarsened,44.2155,-0.3624
coarsened,44.2425,0.3276
coarsened,44.2695,-0.2064
coarsened,44.2964,0.2378
coarsened,44.3234,-0.1568
coarsened,44.3504,0.0904
coarsened,44.3773,-0.3183
coarsened,44.4043,0.0000
coarsened,44.4313,-0.1101
coarsened,44.4583,0.5546
coarsened,44.4852,-0.1646
coarsened,44.5122,0.3917
coarsened,44.5392,0.4154
coarsened,44.5661,-0.2119
coarsened,44.5931,0.0000
coarsened,44.6201,-0.0020
coarsened,44.6470,-0.2777
coarsened,44.6740,-0.0971
coarsened,44.7010,0.0000
coarsened,44.7279,0.2166
coarsened,44.7549,0.2762
coarsened,44.7819,0.2776
coarsened,44.8089,0.0860
coarsened,44.8358,0.2841
coarsened,44.8628,0.4289
coarsened,44.8898,0.3695
coarsened,44.9167,0.3332
coarsened,44.9437,-0.2358
coarsened,44.9707,0.2418
coarsened,44.9976,-0.4216
coarsened,45.0246,-0.3397
coarsened,45.0516,-0.0435
coarsened,45.0785,-0.1584
coarsened,45.1055,-0.1748
coarsened,45.1325,-0.1690
coarsened,45.1594,0.1034
coarsened,45.1864,0.4549
coarsened,45.2134,0.4163
coarsened,45.2404,0.4090
coarsened,45.2673,-0.1697
coarsened,45.2943,0.1500
coarsened,45.3213,-0.1803
coarsened,45.3482,-0.3106
coarsened,45.3752,-0.3412
coarsened,45.4022,0.3016
coarsened,45.4291,-0.3655
coarsened,45.4561,0.4377
coarsened,45.4831,-0.4325
coarsened,45.5100,-0.4311
coarsened,45.5370,-0.5441
coarsened,45.5640,0.4078
coarsened,45.5910,-0.4671
coarsened,45.6179,-0.3916
coarsened,45.6449,-0.1965
coarsened,45.6719,-0.3173
coarsened,45.6988,0.3103
coarsened,45.7258,0.3242
coarsened,45.7528,-0.3576
coarsened,45.7797,-0.1124
coarsened,45.8067,0.2703
coarsened,45.8337,-0.3201
coarsened,45.8606,-0.4205
coarsened,45.8876,-0.4260
coarsened,45.9146,0.1769
coarsened,45.9415,0.1205
coarsened,45.9685,0.1837
coarsened,45.9955,0.1228
coarsened,46.0225,-0.5151
coarsened,46.0494,0.1688
coarsened,46.0764,0.2140
coarsened,46.1034,0.3674
coarsened,46.1303,-0.3218
coarsened,46.1573,-0.1472
coarsened,46.1843,-0.2012
coarsened,46.2112,0.3887
coarsened,46.2382,0.2481
coarsened,46.2652,0.4761
coarsened,46.2921,-0.4145
coarsened,46.3191,-0.2334
coarsened,46.3461,0.1546
coarsened,46.3730,0.3101
coarsened,46.4000,0.2393
coarsened,46.4270,-0.1893
coarsened,46.4540,0.1787
coarsened,46.4809,0.3748
coarsened,46.5079,0.3014
coarsened,46.5349,0.3611
coarsened,46.5618,-0.2578
coarsened,46.5888,0.5347
coarsened,46.6158,-0.3177
coarsened,46.6427,0.3376
coarsened,46.6697,0.4043
coarsened,46.6967,-0.4919
coarsened,46.7236,-0.2946
coarsened,46.7506,0.0000
coarsened,46.7776,-0.2014
coarsened,46.8046,-0.3884
coarsened,46.8315,0.2777
coarsened,46.8585,0.4613
coarsened,46.8855,-0.3829
coarsened,46.9124,-0.1938
coarsened,46.9394,0.3047
coarsened,46.9664,-0.4002
coarsened,46.9933,-0.2370
coarsened,47.0203,0.2552
coarsened,47.0473,0.4101
coarsened,47.0742,-0.4158
coarsened,47.1012,0.2362
coarsened,47.1282,0.3583
coarsened,47.1551,0.1681
coarsened,47.1821,0.3021
coarsened,47.2091,0.1289
coarsened,47.2361,0.4556
coarsened,47.2630,-0.2101
coarsened,47.2900,-0.3431
coarsened,47.3170,0.2853
coarsened,47.3439,0.2201
coarsened,47.3709,0.3269
coarsened,47.3979,-0.3415
coarsened,47.4248,-0.1880
coarsened,47.4518,0.2843
coarsened,47.4788,0.8665
coarsened,47.5057,0.2504
coarsened,47.5327,0.3138
coarsened,47.5597,0.2307
coarsened,47.5867,0.4137
coarsened,47.6136,0.1916
coarsened,47.6406,0.3199
coarsened,47.6676,0.1832
coarsened,47.6945,0.0000
coarsened,47.7215,0.5357
coarsened,47.7485,0.2124
coarsened,47.7754,-0.2528
coarsened,47.8024,-0.3347
coarsened,47.8294,0.2762
coarsened,47.8563,0.4057
coarsened,47.8833,0.3763
coarsened,47.9103,0.3337
coarsened,47.9372,-0.2550
coarsened,47.9642,0.4523
coarsened,47.9912,0.2178
coarsened,48.0182,0.2233
coarsened,48.0451,-0.4611
coarsened,48.0721,0.4214
coarsened,48.0991,-0.2622
coarsened,48.1260,0.3231
coarsened,48.1530,0.2294
coarsened,48.1800,0.3689
coarsened,48.2069,0.3782
coarsened,48.2339,-0.1140
coarsened,48.2609,0.2009
coarsened,48.2878,0.3290
coarsened,48.3148,-0.2363
coarsened,48.3418,-0.3963
coarsened,48.3687,-0.4054
coarsened,48.3957,0.2129
coarsened,48.4227,0.2851
coarsened,48.4497,0.2081
coarsened,48.4766,0.0891
coarsened,48.5036,0.3188
coarsened,48.5306,0.4423
coarsened,48.5575,0.1535
coarsened,48.5845,0.4493
coarsened,48.6115,0.2157
coarsened,48.6384,-0.1775
coarsened,48.6654,0.2195
coarsened,48.6924,-0.1761
coarsened,48.7193,0.1987
coarsened,48.7463,-0.2434
coarsened,48.7733,-0.3500
coarsened,48.8003,0.1557
coarsened,48.8272,-0.3235
coarsened,48.8542,-0.3120
coarsened,48.8812,-0.4756
coarsened,48.9081,0.3975
coarsened,48.9351,-0.4128
coarsened,48.9621,-0.4055
coarsened,48.9890,0.4158
coarsened,49.0160,0.2769
coarsened,49.0430,-0.1755
coarsened,49.0699,-0.2594
coarsened,49.0969,-0.4083
coarsened,49.1239,-0.3480
coarsened,49.1508,0.0991
coarsened,49.1778,0.2473
coarsened,49.2048,-0.0891
coarsened,49.2318,0.1206
coarsened,49.2587,-0.4330
coarsened,49.2857,-0.2657
coarsened,49.3127,0.4154
coarsened,49.3396,0.3056
coarsened,49.3666,0.4330
coarsened,49.3936,0.0000
coarsened,49.4205,0.1511
coarsened,49.4475,0.2458
coarsened,49.4745,-0.4684
coarsened,49.5014,0.4745
coarsened,49.5284,-0.2320
coarsened,49.5554,0.2810
coarsened,49.5824,0.2733
coarsened,49.6093,-0.2944
coarsened,49.6363,0.1266
coarsened,49.6633,0.5158
coarsened,49.6902,-0.3502
coarsened,49.7172,0.1940
coarsened,49.7442,0.2645
coarsened,49.7711,0.2503
coarsened,49.7981,0.3967
coarsened,49.8251,0.4132
coarsened,49.8520,0.5565
coarsened,49.8790,-0.3341
coarsened,49.9060,-0.0549
coarsened,49.9329,0.0431
coarsened,49.9599,-0.2267
coarsened,49.9869,-0.1142
coarsened,50.0139,-0.2243
coarsened,50.0408,-0.4424
coarsened,50.0678,0.3802
coarsened,50.0948,0.4006
coarsened,50.1217,0.4943
coarsened,50.1487,-0.2893
coarsened,50.1757,-0.2760
coarsened,50.2026,0.3835
coarsened,50.2296,0.5171
coarsened,50.2566,-0.4066
coarsened,50.2835,-0.4711
coarsened,50.3105,-0.2220
coarsened,50.3375,0.1245
coarsened,50.3644,-0.0644
coarsened,50.3914,0.2055
coarsened,50.4184,-0.1865
coarsened,50.4454,-0.4347
coarsened,50.4723,-0.4262
coarsened,50.4993,0.6048
coarsened,50.5263,0.1358
coarsened,50.5532,-0.3363
coarsened,50.5802,0.2698
coarsened,50.6072,0.1159
coarsened,50.6341,0.2681
coarsened,50.6611,0.2618
coarsened,50.6881,-0.0664
coarsened,50.7150,-0.0896
coarsened,50.7420,-0.3050
coarsened,50.7690,-0.4716
coarsened,50.7960,0.4849
coarsened,50.8229,-0.1324
coarsened,50.8499,0.3428
coarsened,50.8769,-0.2412
coarsened,50.9038,-0.2042
coarsened,50.9308,0.3653
coarsened,50.9578,0.1083
coarsened,50.9847,0.1213
coarsened,51.0117,0.2958
coarsened,51.0387,0.1441
coarsened,51.0656,0.2613
coarsened,51.0926,-0.0677
coarsened,51.1196,-0.1364
coarsened,51.1465,-0.0286
coarsened,51.1735,-0.2141
coarsened,51.2005,-0.1870
coarsened,51.2275,-0.0965
coarsened,51.2544,0.0784
coarsened,51.2814,-0.2540
coarsened,51.3084,-0.2135
coarsened,51.3353,0.5175
coarsened,51.3623,-0.4705
coarsened,51.3893,0.1936
coarsened,51.4162,0.1842
coarsened,51.4432,-0.0426
coarsened,51.4702,0.2191
coarsened,51.4971,0.1807
coarsened,51.5241,0.2177
coarsened,51.5511,-0.2795
coarsened,51.5780,0.2059
coarsened,51.6050,-0.2927
coarsened,51.6320,-0.3339
coarsened,51.6590,0.1524
coarsened,51.6859,0.4013
coarsened,51.7129,0.0482
coarsened,51.7399,0.2441
coarsened,51.7668,0.1892
coarsened,51.7938,0.4317
coarsened,51.8208,0.5428
coarsened,51.8477,0.5470
coarsened,51.8747,0.3391
coarsened,51.9017,0.4070
coarsened,51.9286,0.4758
coarsened,51.9556,-0.3829
coarsened,51.9826,-0.1921
coarsened,52.0096,-0.2783
coarsened,52.0365,0.3900
coarsened,52.0635,0.0682
coarsened,52.0905,0.4221
coarsened,52.1174,0.2873
coarsened,52.1444,0.4701
coarsened,52.1714,0.4881
coarsened,52.1983,0.4766
coarsened,52.2253,0.2507
coarsened,52.2523,0.2848
coarsened,52.2792,-0.2972
coarsened,52.3062,0.2004
coarsened,52.3332,0.0390
coarsened,52.3601,0.5410
coarsened,52.3871,0.2841
coarsened,52.4141,0.1358
coarsened,52.4411,0.4210
coarsened,52.4680,0.2812
coarsened,52.4950,0.4102
coarsened,52.5220,0.4215
coarsened,52.5489,0.3299
coarsened,52.5759,-0.4653
coarsened,52.6029,-0.4464
coarsened,52.6298,0.1992
coarsened,52.6568,0.3694
coarsened,52.6838,0.3604
coarsened,52.7107,-0.1278
coarsened,52.7377,0.1755
coarsened,52.7647,0.5345
coarsened,52.7917,-0.4942
coarsened,52.8186,0.3765
coarsened,52.8456,0.4440
coarsened,52.8726,-0.4610
coarsened,52.8995,-0.1664
coarsened,52.9265,0.3752
coarsened,52.9535,-0.4524
coarsened,52.9804,-0.3221
coarsened,53.0074,0.1682
coarsened,53.0344,0.1602
coarsened,53.0613,-0.2490
coarsened,53.0883,0.3237
coarsened,53.1153,-0.4349
coarsened,53.1422,0.3478
coarsened,53.1692,0.2283
coarsened,53.1962,-0.3477
coarsened,53.2232,-0.4105
coarsened,53.2501,-0.4583
coarsened,53.2771,-0.1287
coarsened,53.3041,-0.2696
coarsened,53.3310,0.4117
coarsened,53.3580,0.2974
coarsened,53.3850,0.2940
coarsened,53.4119,0.2071
coarsened,53.4389,0.2307
coarsened,53.4659,0.3314
coarsened,53.4928,0.4537
coarsened,53.5198,0.2124
coarsened,53.5468,-0.3071
coarsened,53.5737,0.3821
coarsened,53.6007,-0.3185
coarsened,53.6277,-0.3718
coarsened,53.6547,0.4755
coarsened,53.6816,-0.0050
coarsened,53.7086,0.4319
coarsened,53.7356,0.2714
coarsened,53.7625,0.2948
coarsened,53.7895,-0.1990
coarsened,53.8165,-0.2792
coarsened,53.8434,-0.5351
coarsened,53.8704,-0.2961
coarsened,53.8974,-0.2852
coarsened,53.9243,-0.2008
split,0.0135,0.4411
split,0.0405,0.4876
split,0.0674,0.6326
split,0.0944,0.4572
split,0.1214,0.4925
split,0.1483,-0.2110
split,0.1753,-0.3658
split,0.2023,0.2336
split,0.2292,-0.1476
split,0.2562,0.5465
split,0.2832,0.5645
split,0.3101,-0.3441
split,0.3371,0.1659
split,0.3641,-0.4910
split,0.3910,0.6256
split,0.4180,0.7358
split,0.4450,0.7049
split,0.4720,-0.3315
split,0.4989,0.3219
split,0.5259,-0.1380
split,0.5529,0.5710
split,0.5798,0.3252
split,0.6068,-0.4341
split,0.6338,0.0086
split,0.6607,-0.3898
split,0.6877,-0.0619
split,0.7147,-0.4754
split,0.7416,0.4395
split,0.7686,-0.6718
split,0.7956,-0.5194
split,0.8226,-0.5011
split,0.8495,0.1438
split,0.8765,-0.1113
split,0.9035,-0.4563
split,0.9304,-1.0168
split,0.9574,0.4684
split,0.9844,0.8725
split,1.0113,-0.5324
split,1.0383,0.5175
split,1.0653,0.2808
split,1.0922,0.5153
split,1.1192,0.5978
split,1.1462,0.3586
split,1.1731,-0.5442
split,1.2001,-0.8007
split,1.2271,-0.2717
split,1.2541,0.3157
split,1.2810,0.6117
split,1.3080,1.0961
split,1.3350,0.8120
split,1.3619,-0.5198
split,1.3889,-0.4617
split,1.4159,0.9940
split,1.4428,0.9239
split,1.4698,-0.7172
split,1.4968,0.7895
split,1.5237,0.8022
split,1.5507,1.2191
split,1.5777,0.7481
split,1.6047,0.3838
split,1.6316,0.4878
split,1.6586,0.2344
split,1.6856,-0.3754
split,1.7125,-0.4960
split,1.7395,0.9838
split,1.7665,0.8508
split,1.7934,-1.8758
split,1.8204,-1.4622
split,1.8474,-1.7498
split,1.8743,-0.8894
split,1.9013,0.1419
split,1.9283,1.2148
split,1.9552,1.3991
split,1.9822,-0.6383
split,2.0092,1.1172
split,2.0362,1.6721
split,2.0631,1.9348
split,2.0901,0.8829
split,2.1171,0.4217
split,2.1440,0.5662
split,2.1710,-1.2394
split,2.1980,0.4582
split,2.2249,0.7226
split,2.2519,0.4246
split,2.2789,0.5766
split,2.3058,-0.6244
split,2.3328,-0.5036
split,2.3598,-1.6112
split,2.3867,-1.5075
split,2.4137,-1.1153
split,2.4407,-0.9242
split,2.4677,1.0889
split,2.4946,1.3099
split,2.5216,0.6161
split,2.5486,0.8763
split,2.5755,-0.6114
split,2.6025,-0.6349
split,2.6295,0.6299
split,2.6564,-0.2057
split,2.6834,-0.0615
split,2.7104,-0.5102
split,2.7373,0.3002
split,2.7643,-0.0604
split,2.7913,-0.2125
split,2.8183,0.0000
split,2.8452,0.0000
split,2.8722,0.0000
split,2.8992,0.0000
split,2.9261,0.0000
split,2.9531,0.0000
split,2.9801,0.0000
split,3.0070,0.0000
split,3.0340,0.0000
split,3.0610,0.0000
split,3.0879,0.0000
split,3.1149,0.0000
split,3.1419,0.0000
split,3.1688,0.0000
split,3.1958,0.0000
split,3.2228,0.0000
split,3.2498,0.0000
split,3.2767,0.0000
split,3.3037,0.0000
split,3.3307,0.0000
split,3.3576,0.0000
split,3.3846,0.0000
split,3.4116,0.0000
split,3.4385,0.0000
split,3.4655,0.0000
split,3.4925,0.0000
split,3.5194,0.0000
split,3.5464,0.0000
split,3.5734,0.0000
split,3.6004,0.0000
split,3.6273,0.0000
split,3.6543,0.0000
split,3.6813,0.0000
split,3.7082,0.0000
split,3.7352,0.0000
split,3.7622,0.0000
split,3.7891,0.0000
split,3.8161,0.0000
split,3.8431,0.0000
split,3.8700,0.0000
split,3.8970,0.0000
split,3.9240,0.0000
split,3.9509,0.0000
split,3.9779,0.0000
split,4.0049,0.0000
split,4.0319,0.0000
split,4.0588,0.0000
split,4.0858,0.0000
split,4.1128,0.0000
split,4.1397,0.0000
split,4.1667,0.0000
split,4.1937,0.0000
split,4.2206,0.0000
split,4.2476,0.0000
split,4.2746,0.0000
split,4.3015,0.0000
split,4.3285,0.0000
split,4.3555,0.0000
split,4.3824,0.0000
split,4.4094,0.0000
split,4.4364,0.0000
split,4.4634,0.0000
split,4.4903,0.0000
split,4.5173,0.0000
split,4.5443,0.0000
split,4.5712,0.0000
split,4.5982,0.0000
split,4.6252,0.0000
split,4.6521,0.0000
split,4.6791,0.0000
split,4.7061,0.0000
split,4.7330,0.0000
split,4.7600,0.0000
split,4.7870,0.0000
split,4.8140,0.0000
split,4.8409,0.0000
split,4.8679,0.0000
split,4.8949,0.0000
split,4.9218,0.0000
split,4.9488,0.0000
split,4.9758,0.0000
split,5.0027,0.0000
split,5.0297,0.0000
split,5.0567,0.0000
split,5.0836,0.0000
split,5.1106,0.0000
split,5.1376,0.0000
split,5.1645,0.0000
split,5.1915,0.0000
split,5.2185,0.0000
split,5.2455,0.0000
split,5.2724,0.0000
split,5.2994,0.0000
split,5.3264,0.0000
split,5.3533,0.0000
split,5.3803,0.0000
split,5.4073,0.0000
split,5.4342,0.0000
split,5.4612,0.0000
split,5.4882,0.0000
split,5.5151,0.0000
split,5.5421,0.0000
split,5.5691,0.0000
split,5.5960,0.0000
split,5.6230,0.0000
split,5.6500,0.0000
split,5.6770,0.0000
split,5.7039,0.0000
split,5.7309,0.0000
split,5.7579,0.0000
split,5.7848,0.0000
split,5.8118,0.0000
split,5.8388,0.0000
split,5.8657,0.0000
split,5.8927,0.0000
split,5.9197,0.0000
split,5.9466,0.0000
split,5.9736,0.0000
split,6.0006,0.0000
split,6.0276,0.0000
split,6.0545,0.0000
split,6.0815,0.0000
split,6.1085,0.0000
split,6.1354,0.0000
split,6.1624,0.0000
split,6.1894,0.0000
split,6.2163,0.0000
split,6.2433,0.0000
split,6.2703,0.0000
split,6.2972,0.0000
split,6.3242,0.0000
split,6.3512,0.0000
split,6.3781,0.0000
split,6.4051,0.0000
split,6.4321,0.0000
split,6.4591,0.0000
split,6.4860,0.0000
split,6.5130,0.0000
split,6.5400,0.0000
split,6.5669,0.0000
split,6.5939,0.0000
split,6.6209,0.0000
split,6.6478,0.0000
split,6.6748,0.0000
split,6.7018,0.0000
split,6.7287,0.0000
split,6.7557,0.0000
split,6.7827,0.0000
split,6.8097,0.0000
split,6.8366,0.0000
split,6.8636,0.0000
split,6.8906,0.0000
split,6.9175,0.0000
split,6.9445,0.0000
split,6.9715,0.0000
split,6.9984,0.0000
split,7.0254,0.0000
split,7.0524,0.0000
split,7.0793,0.0000
split,7.1063,0.0000
split,7.1333,0.0000
split,7.1602,0.0000
split,7.1872,0.0000
split,7.2142,0.0000
split,7.2412,0.0000
split,7.2681,0.0000
split,7.2951,0.0000
split,7.3221,0.0000
split,7.3490,0.0000
split,7.3760,0.0000
split,7.4030,0.0000
split,7.4299,0.0000
split,7.4569,0.0000
split,7.4839,0.0000
split,7.5108,0.0000
split,7.5378,0.0000
split,7.5648,0.0000
split,7.5917,0.0000
split,7.6187,0.0000
split,7.6457,0.0000
split,7.6727,0.0000
split,7.6996,0.0000
split,7.7266,-0.4297
split,7.7536,0.8410
split,7.7805,1.4535
split,7.8075,1.4147
split,7.8345,0.5888
split,7.8614,-0.9705
split,7.8884,0.1997
split,7.9154,0.0000
split,7.9423,-0.3139
split,7.9693,-0.9941
split,7.9963,0.9001
split,8.0233,1.1038
split,8.0502,1.3690
split,8.0772,1.3179
split,8.1042,0.6218
split,8.1311,0.7353
split,8.1581,0.9132
split,8.1851,0.5425
split,8.2120,0.8144
split,8.2390,1.1225
split,8.2660,1.8410
split,8.2929,1.8666
split,8.3199,0.9513
split,8.3469,-1.5111
split,8.3738,0.6719
split,8.4008,0.4932
split,8.4278,0.6208
split,8.4548,0.3206
split,8.4817,0.9218
split,8.5087,0.9068
split,8.5357,-0.7262
split,8.5626,-1.4174
split,8.5896,-0.9018
split,8.6166,1.5613
split,8.6435,1.4398
split,8.6705,-0.8388
split,8.6975,-0.3259
split,8.7244,0.3209
split,8.7514,-0.5006
split,8.7784,0.9588
split,8.8054,-0.4413
split,8.8323,0.3126
split,8.8593,0.4989
split,8.8863,-0.6770
split,8.9132,0.6376
split,8.9402,0.9164
split,8.9672,0.5394
split,8.9941,-0.9759
split,9.0211,-0.7936
split,9.0481,-0.7504
split,9.0750,-0.7746
split,9.1020,-0.2799
split,9.1290,0.5789
split,9.1559,0.5067
split,9.1829,-0.4407
split,9.2099,-0.9264
split,9.2369,-0.6623
split,9.2638,-0.7465
split,9.2908,0.3076
split,9.3178,-0.2658
split,9.3447,-0.9899
split,9.3717,-0.8177
split,9.3987,0.5492
split,9.4256,-0.6188
split,9.4526,0.4104
split,9.4796,0.7534
split,9.5065,0.8379
split,9.5335,0.5229
split,9.5605,0.2862
split,9.5874,1.2136
split,9.6144,1.2411
split,9.6414,-1.1769
split,9.6684,-1.4469
split,9.6953,0.7883
split,9.7223,0.7475
split,9.7493,0.0000
split,9.7762,0.3956
split,9.8032,0.4004
split,9.8302,1.1133
split,9.8571,1.6711
split,9.8841,1.7442
split,9.9111,2.6347
split,9.9380,2.4282
split,9.9650,0.5903
split,9.9920,1.4918
split,10.0190,1.5822
split,10.0459,0.3680
split,10.0729,0.4208
split,10.0999,0.1711
split,10.1268,-0.3845
split,10.1538,0.8485
split,10.1808,0.4249
split,10.2077,-0.6805
split,10.2347,-1.3283
split,10.2617,-1.3676
split,10.2886,-1.4154
split,10.3156,-1.0671
split,10.3426,-1.0522
split,10.3695,-0.6410
split,10.3965,-0.3384
split,10.4235,0.2028
split,10.4505,-1.3625
split,10.4774,-1.2833
split,10.5044,-0.1806
split,10.5314,-0.3826
split,10.5583,-0.3642
split,10.5853,-0.3051
split,10.6123,0.4870
split,10.6392,0.6107
split,10.6662,0.4637
split,10.6932,-0.3771
split,10.7201,0.2802
split,10.7471,-1.0778
split,10.7741,1.3156
split,10.8011,1.2613
split,10.8280,0.5768
split,10.8550,-1.1467
split,10.8820,-0.7529
split,10.9089,-0.7682
split,10.9359,-1.0142
split,10.9629,-0.1055
split,10.9898,-0.5108
split,11.0168,-1.5292
split,11.0438,-0.7374
split,11.0707,-0.5941
split,11.0977,-0.5914
split,11.1247,0.5183
split,11.1516,0.3151
split,11.1786,-0.3199
split,11.2056,0.0000
split,11.2326,-0.3077
split,11.2595,1.5944
split,11.2865,0.7358
split,11.3135,-0.3464
split,11.3404,-0.3716
split,11.3674,0.2345
split,11.3944,0.6619
split,11.4213,1.0675
split,11.4483,0.9436
split,11.4753,0.9128
split,11.5022,-0.2574
split,11.5292,0.5660
split,11.5562,0.5120
split,11.5831,0.5592
split,11.6101,0.6866
split,11.6371,0.8487
split,11.6641,0.4634
split,11.6910,0.5107
split,11.7180,0.4323
split,11.7450,-0.5310
split,11.7719,-0.8803
split,11.7989,-0.8712
split,11.8259,-0.1775
split,11.8528,-0.9712
split,11.8798,-1.2154
split,11.9068,-1.0741
split,11.9337,0.7012
split,11.9607,0.4636
split,11.9877,-0.4804
split,12.0147,-0.5246
split,12.0416,-0.4986
split,12.0686,0.6987
split,12.0956,1.1053
split,12.1225,0.7834
split,12.1495,-0.8701
split,12.1765,-0.5222
split,12.2034,0.8398
split,12.2304,0.7116
split,12.2574,0.8541
split,12.2843,1.4932
split,12.3113,1.3673
split,12.3383,1.3282
split,12.3652,0.2525
split,12.3922,-0.7988
split,12.4192,-0.5811
split,12.4462,0.3295
split,12.4731,-0.6020
split,12.5001,-0.6394
split,12.5271,-1.1980
split,12.5540,-0.1600
split,12.5810,-0.3173
split,12.6080,-0.4536
split,12.6349,0.4880
split,12.6619,-0.6193
split,12.6889,-0.3025
split,12.7158,0.4423
split,12.7428,0.3164
split,12.7698,0.4855
split,12.7968,-0.7464
split,12.8237,-0.5836
split,12.8507,0.6371
split,12.8777,0.4608
split,12.9046,0.2255
split,12.9316,-0.6408
split,12.9586,0.9188
split,12.9855,1.1378
split,13.0125,0.8461
split,13.0395,0.9138
split,13.0664,0.8795
split,13.0934,0.8182
split,13.1204,-0.4116
split,13.1473,0.3839
split,13.1743,0.5607
split,13.2013,0.1937
split,13.2283,0.6300
split,13.2552,0.6631
split,13.2822,0.8305
split,13.3092,-0.2768
split,13.3361,0.5265
split,13.3631,0.7637
split,13.3901,0.4730
split,13.4170,0.6074
split,13.4440,0.6824
split,13.4710,1.1085
split,13.4979,2.0848
split,13.5249,1.9981
split,13.5519,1.5720
split,13.5788,0.3542
split,13.6058,-0.3738
split,13.6328,-0.4865
split,13.6598,0.5016
split,13.6867,0.7884
split,13.7137,-0.5828
split,13.7407,-0.4660
split,13.7676,-0.7818
split,13.7946,-0.8087
split,13.8216,0.4976
split,13.8485,0.5785
split,13.8755,0.9526
split,13.9025,1.1044
split,13.9294,1.0455
split,13.9564,1.0444
split,13.9834,1.0813
split,14.0104,1.2428
split,14.0373,0.6686
split,14.0643,0.6920
split,14.0913,1.3659
split,14.1182,1.0588
split,14.1452,0.8024
split,14.1722,1.0471
split,14.1991,-0.2782
split,14.2261,0.5908
split,14.2531,0.5719
split,14.2800,-0.3587
split,14.3070,-0.5627
split,14.3340,-0.4300
split,14.3609,0.7075
split,14.3879,0.9550
split,14.4149,0.3697
split,14.4419,0.2179
split,14.4688,0.5423
split,14.4958,0.6013
split,14.5228,-0.3411
split,14.5497,-0.4505
split,14.5767,0.8293
split,14.6037,0.8611
split,14.6306,-0.5670
split,14.6576,-0.0186
split,14.6846,-0.6833
split,14.7115,0.4296
split,14.7385,0.4881
split,14.7655,-0.3464
split,14.7924,-0.4664
split,14.8194,0.9274
split,14.8464,1.4922
split,14.8734,1.4810
split,14.9003,0.7532
split,14.9273,-0.2570
split,14.9543,0.1570
split,14.9812,-0.7560
split,15.0082,0.5382
split,15.0352,-0.6596
split,15.0621,-0.5710
split,15.0891,-0.7120
split,15.1161,-0.3074
split,15.1430,0.5026
split,15.1700,1.0399
split,15.1970,1.5307
split,15.2240,0.8913
split,15.2509,0.7359
split,15.2779,0.8150
split,15.3049,0.8369
split,15.3318,1.0205
split,15.3588,1.0336
split,15.3858,0.4825
split,15.4127,0.8994
split,15.4397,-0.4949
split,15.4667,-0.3632
split,15.4936,-0.5697
split,15.5206,0.4432
split,15.5476,0.8916
split,15.5745,0.4165
split,15.6015,1.0579
split,15.6285,0.3608
split,15.6555,-0.6829
split,15.6824,0.7299
split,15.7094,0.4353
split,15.7364,0.4623
split,15.7633,-0.7022
split,15.7903,-0.9959
split,15.8173,0.5882
split,15.8442,0.3006
split,15.8712,-0.6448
split,15.8982,0.3703
split,15.9251,-0.1947
split,15.9521,-0.5816
split,15.9791,-0.5166
split,16.0061,-0.9634
split,16.0330,0.2258
split,16.0600,-0.2980
split,16.0870,-0.7244
split,16.1139,-0.4238
split,16.1409,1.4609
split,16.1679,2.4301
split,16.1948,2.7054
split,16.2218,2.7260
split,16.2488,2.7151
split,16.2757,2.4247
split,16.3027,2.3537
split,16.3297,1.8116
split,16.3566,1.7907
split,16.3836,1.2191
split,16.4106,-0.2738
split,16.4376,-0.2542
split,16.4645,0.7819
split,16.4915,1.1984
split,16.5185,1.2358
split,16.5454,0.9566
split,16.5724,0.7996
split,16.5994,0.4377
split,16.6263,0.4794
split,16.6533,0.5317
split,16.6803,0.6468
split,16.7072,0.5951
split,16.7342,-0.2805
split,16.7612,0.4515
split,16.7881,0.5875
split,16.8151,1.0202
split,16.8421,1.6072
split,16.8691,2.4897
split,16.8960,2.7175
split,16.9230,2.8136
split,16.9500,3.3723
split,16.9769,3.6073
split,17.0039,3.6849
split,17.0309,3.3596
split,17.0578,3.4420
split,17.0848,2.6856
split,17.1118,1.6674
split,17.1387,2.5102
split,17.1657,2.6120
split,17.1927,2.3097
split,17.2197,2.2872
split,17.2466,2.1639
split,17.2736,1.5326
split,17.3006,0.4380
split,17.3275,-0.3750
split,17.3545,-0.5824
split,17.3815,-0.7493
split,17.4084,-0.8767
split,17.4354,-0.6530
split,17.4624,-0.5894
split,17.4893,0.2601
split,17.5163,-0.4073
split,17.5433,0.6024
split,17.5702,1.3228
split,17.5972,1.6066
split,17.6242,1.1575
split,17.6512,1.0756
split,17.6781,0.2438
split,17.7051,1.0537
split,17.7321,1.1050
split,17.7590,0.6429
split,17.7860,-0.2640
split,17.8130,0.3136
split,17.8399,-0.7924
split,17.8669,-1.9518
split,17.8939,-0.8462
split,17.9208,-1.4338
split,17.9478,-1.9124
split,17.9748,-1.6179
split,18.0018,-1.6617
split,18.0287,0.4628
split,18.0557,0.5146
split,18.0827,1.0136
split,18.1096,-0.4257
split,18.1366,0.8332
split,18.1636,-0.2409
split,18.1905,-0.0563
split,18.2175,0.5016
split,18.2445,0.3925
split,18.2714,-0.8608
split,18.2984,-1.0792
split,18.3254,-0.4259
split,18.3523,0.3173
split,18.3793,0.4313
split,18.4063,0.6737
split,18.4333,-0.0472
split,18.4602,0.3184
split,18.4872,0.5194
split,18.5142,-0.3602
split,18.5411,0.6893
split,18.5681,1.8121
split,18.5951,2.3134
split,18.6220,2.3207
split,18.6490,2.4799
split,18.6760,1.8016
split,18.7029,1.9396
split,18.7299,2.2735
split,18.7569,2.2816
split,18.7838,1.6738
split,18.8108,1.8032
split,18.8378,2.2964
split,18.8648,3.0234
split,18.8917,3.8558
split,18.9187,3.8615
split,18.9457,3.3702
split,18.9726,3.4606
split,18.9996,3.4353
split,19.0266,3.4051
split,19.0535,3.1938
split,19.0805,2.3668
split,19.1075,2.3564
split,19.1344,1.6923
split,19.1614,1.6806
split,19.1884,1.3985
split,19.2154,1.1317
split,19.2423,0.5820
split,19.2693,0.2626
split,19.2963,0.8230
split,19.3232,0.5324
split,19.3502,0.5099
split,19.3772,0.7640
split,19.4041,-0.1640
split,19.4311,-0.4784
split,19.4581,-1.0048
split,19.4850,0.3907
split,19.5120,1.0958
split,19.5390,0.6810
split,19.5659,-0.3068
split,19.5929,-0.7156
split,19.6199,0.2405
split,19.6469,-0.4514
split,19.6738,0.7370
split,19.7008,0.9289
split,19.7278,-0.9444
split,19.7547,-0.7006
split,19.7817,0.6624
split,19.8087,0.6782
split,19.8356,1.0180
split,19.8626,1.1594
split,19.8896,-0.8870
split,19.9165,-0.6694
split,19.9435,-0.5928
split,19.9705,-0.3852
split,19.9975,0.4364
split,20.0244,-0.7136
split,20.0514,-0.6928
split,20.0784,0.3852
split,20.1053,2.1075
split,20.1323,3.2341
split,20.1593,3.1132
split,20.1862,2.1887
split,20.2132,-0.1604
split,20.2402,0.5394
split,20.2671,0.6651
split,20.2941,0.8193
split,20.3211,-0.7866
split,20.3480,-0.7074
split,20.3750,-1.0888
split,20.4020,-1.1927
split,20.4290,0.4752
split,20.4559,-0.5224
split,20.4829,0.3943
split,20.5099,-0.7304
split,20.5368,1.8551
split,20.5638,1.1287
split,20.5908,1.3999
split,20.6177,1.5421
split,20.6447,0.4707
split,20.6717,-0.6386
split,20.6986,-0.3709
split,20.7256,-0.6649
split,20.7526,-0.6350
split,20.7795,-0.6896
split,20.8065,0.4996
split,20.8335,0.5312
split,20.8605,0.5349
split,20.8874,0.6734
split,20.9144,0.5160
split,20.9414,0.0000
split,20.9683,-0.6305
split,20.9953,-0.7500
split,21.0223,0.0000
split,21.0492,0.1017
split,21.0762,0.0684
split,21.1032,0.2850
split,21.1301,-0.2570
split,21.1571,0.2651
split,21.1841,-0.5382
split,21.2111,-0.4933
split,21.2380,0.9354
split,21.2650,-0.6852
split,21.2920,-0.5646
split,21.3189,-0.2555
split,21.3459,0.3539
split,21.3729,-0.7226
split,21.3998,0.4856
split,21.4268,0.4733
split,21.4538,0.8907
split,21.4807,-0.2473
split,21.5077,0.3569
split,21.5347,-0.6225
split,21.5616,1.3635
split,21.5886,-0.0152
split,21.6156,0.5417
split,21.6426,1.2494
split,21.6695,1.5701
split,21.6965,0.7468
split,21.7235,0.5434
split,21.7504,0.0000
split,21.7774,-1.1280
split,21.8044,-0.8137
split,21.8313,-0.0269
split,21.8583,0.5202
split,21.8853,-0.1454
split,21.9122,0.1138
split,21.9392,0.1754
split,21.9662,0.1797
split,21.9932,-0.3951
split,22.0201,-0.3426
split,22.0471,0.4388
split,22.0741,0.3531
split,22.1010,0.9894
split,22.1280,0.9168
split,22.1550,-0.2502
split,22.1819,-0.2642
split,22.2089,0.3849
split,22.2359,0.3716
split,22.2628,0.3707
split,22.2898,1.3606
split,22.3168,1.4369
split,22.3437,1.1212
split,22.3707,-0.1532
split,22.3977,-0.5054
split,22.4247,-1.1479
split,22.4516,0.6663
split,22.4786,0.4359
split,22.5056,-0.5968
split,22.5325,-1.3362
split,22.5595,-1.5157
split,22.5865,-1.2773
split,22.6134,-1.4765
split,22.6404,0.3366
split,22.6674,0.6229
split,22.6943,0.4290
split,22.7213,0.4489
split,22.7483,0.5159
split,22.7752,0.2960
split,22.8022,-0.0593
split,22.8292,0.9073
split,22.8562,1.3525
split,22.8831,0.0000
split,22.9101,-0.8935
split,22.9371,-0.5186
split,22.9640,-0.3207
split,22.9910,0.4727
split,23.0180,0.8592
split,23.0449,0.6212
split,23.0719,0.5754
split,23.0989,0.7057
split,23.1258,0.2986
split,23.1528,0.6853
split,23.1798,0.6552
split,23.2068,-0.3716
split,23.2337,0.2740
split,23.2607,0.5031
split,23.2877,0.4603
split,23.3146,-0.4868
split,23.3416,0.3705
split,23.3686,-1.1465
split,23.3955,-1.4974
split,23.4225,0.4191
split,23.4495,-0.7750
split,23.4764,0.4994
split,23.5034,0.4497
split,23.5304,0.7801
split,23.5573,-0.2016
split,23.5843,0.7260
split,23.6113,1.0146
split,23.6383,0.9157
split,23.6652,0.4865
split,23.6922,-0.6825
split,23.7192,0.4545
split,23.7461,0.9873
split,23.7731,1.3395
split,23.8001,1.5831
split,23.8270,-0.1580
split,23.8540,0.4594
split,23.8810,-0.4633
split,23.9079,-0.4424
split,23.9349,0.6979
split,23.9619,-0.6583
split,23.9888,0.8855
split,24.0158,0.7865
split,24.0428,-0.5743
split,24.0698,0.5872
split,24.0967,0.6958
split,24.1237,0.2366
split,24.1507,-0.3771
split,24.1776,0.3561
split,24.2046,0.6569
split,24.2316,0.5759
split,24.2585,0.6586
split,24.2855,0.7579
split,24.3125,1.0434
split,24.3394,0.9122
split,24.3664,1.0067
split,24.3934,1.2441
split,24.4204,0.3126
split,24.4473,-0.2851
split,24.4743,-0.1978
split,24.5013,-0.2920
split,24.5282,-0.7705
split,24.5552,-0.8451
split,24.5822,-0.4125
split,24.6091,-0.2547
split,24.6361,0.4329
split,24.6631,0.5091
split,24.6900,-0.5486
split,24.7170,-0.3087
split,24.7440,0.6361
split,24.7709,1.1837
split,24.7979,0.7344
split,24.8249,0.7141
split,24.8519,-0.5258
split,24.8788,-0.5078
split,24.9058,0.6390
split,24.9328,-1.4176
split,24.9597,-0.9814
split,24.9867,-1.5227
split,25.0137,-0.7174
split,25.0406,-1.0748
split,25.0676,-0.8242
split,25.0946,-0.9951
split,25.1215,-0.6132
split,25.1485,0.2396
split,25.1755,-0.3455
split,25.2025,0.5984
split,25.2294,-0.5349
split,25.2564,-0.9604
split,25.2834,-0.3105
split,25.3103,0.0479
split,25.3373,0.4464
split,25.3643,-0.6347
split,25.3912,-0.3425
split,25.4182,0.3667
split,25.4452,-0.7992
split,25.4721,-0.6062
split,25.4991,-0.4994
split,25.5261,1.3130
split,25.5530,1.6538
split,25.5800,1.8819
split,25.6070,2.6163
split,25.6340,3.1748
split,25.6609,2.6711
split,25.6879,2.3989
split,25.7149,2.1958
split,25.7418,2.0049
split,25.7688,1.8328
split,25.7958,1.7013
split,25.8227,1.4869
split,25.8497,1.6057
split,25.8767,0.8105
split,25.9036,0.6191
split,25.9306,0.2291
split,25.9576,0.1890
split,25.9845,-0.3522
split,26.0115,-0.5471
split,26.0385,0.6849
split,26.0655,0.7081
split,26.0924,1.1399
split,26.1194,0.6772
split,26.1464,0.8979
split,26.1733,0.3139
split,26.2003,0.3203
split,26.2273,-0.5947
split,26.2542,0.8815
split,26.2812,-0.7298
split,26.3082,-1.6590
split,26.3351,-0.3591
split,26.3621,-0.9884
split,26.3891,-0.9615
split,26.4161,-0.5529
split,26.4430,-0.3048
split,26.4700,0.8288
split,26.4970,1.0318
split,26.5239,0.0000
split,26.5509,0.3209
split,26.5779,0.2768
split,26.6048,-0.0055
split,26.6318,-0.2632
split,26.6588,-0.5909
split,26.6857,0.3205
split,26.7127,-0.7010
split,26.7397,-0.9063
split,26.7666,-0.5574
split,26.7936,-0.3121
split,26.8206,-0.3337
split,26.8476,0.3613
split,26.8745,-0.5009
split,26.9015,0.5816
split,26.9285,0.6896
split,26.9554,-0.4650
split,26.9824,-0.6590
split,27.0094,-0.6089
split,27.0363,0.5670
split,27.0633,-0.2437
split,27.0903,0.1467
split,27.1172,0.0000
split,27.1442,0.0000
split,27.1712,0.0000
split,27.1982,0.0000
split,27.2251,0.0000
split,27.2521,0.0000
split,27.2791,0.0000
split,27.3060,0.0000
split,27.3330,0.0000
split,27.3600,0.0000
split,27.3869,0.0000
split,27.4139,0.7611
split,27.4409,0.1314
split,27.4678,-0.0054
split,27.4948,-0.4573
split,27.5218,0.0000
split,27.5487,0.0000
split,27.5757,0.0000
split,27.6027,0.0000
split,27.6297,0.0000
split,27.6566,0.0000
split,27.6836,0.0000
split,27.7106,0.0000
split,27.7375,0.0000
split,27.7645,0.0000
split,27.7915,0.0000
split,27.8184,0.0000
split,27.8454,0.0000
split,27.8724,0.0000
split,27.8993,0.0000
split,27.9263,0.0000
split,27.9533,0.0000
split,27.9802,0.0000
split,28.0072,0.0000
split,28.0342,0.0000
split,28.0612,0.0000
split,28.0881,0.0000
split,28.1151,0.0000
split,28.1421,0.0000
split,28.1690,0.0000
split,28.1960,0.0000
split,28.2230,0.0000
split,28.2499,0.0000
split,28.2769,0.0000
split,28.3039,0.0000
split,28.3308,0.0000
split,28.3578,0.0000
split,28.3848,0.0000
split,28.4118,0.0000
split,28.4387,0.0000
split,28.4657,0.0000
split,28.4927,0.0000
split,28.5196,0.0000
split,28.5466,0.0000
split,28.5736,0.4107
split,28.6005,-0.5323
split,28.6275,-0.4900
split,28.6545,0.4882
split,28.6814,0.3256
split,28.7084,0.3424
split,28.7354,-0.4643
split,28.7623,-0.4235
split,28.7893,-0.4660
split,28.8163,0.2030
split,28.8433,-1.1151
split,28.8702,-0.5706
split,28.8972,0.5502
split,28.9242,-1.3742
split,28.9511,-1.1001
split,28.9781,-0.5754
split,29.0051,-0.6627
split,29.0320,0.2622
split,29.0590,1.0374
split,29.0860,0.8764
split,29.1129,0.4051
split,29.1399,0.7019
split,29.1669,0.5806
split,29.1939,-0.9039
split,29.2208,-1.1277
split,29.2478,-0.8399
split,29.2748,-1.1833
split,29.3017,-1.0897
split,29.3287,-0.9535
split,29.3557,-0.6046
split,29.3826,-0.2983
split,29.4096,0.2254
split,29.4366,0.5322
split,29.4635,1.6027
split,29.4905,1.8188
split,29.5175,1.5172
split,29.5444,1.2663
split,29.5714,1.2659
split,29.5984,0.7704
split,29.6254,0.5673
split,29.6523,-0.3162
split,29.6793,0.3698
split,29.7063,0.7099
split,29.7332,-0.3029
split,29.7602,0.8659
split,29.7872,0.6677
split,29.8141,-0.5030
split,29.8411,0.8111
split,29.8681,0.5724
split,29.8950,-0.3764
split,29.9220,-0.8665
split,29.9490,-0.9886
split,29.9759,-1.1594
split,30.0029,-0.3941
split,30.0299,0.2048
split,30.0569,-0.5635
split,30.0838,0.6159
split,30.1108,-0.4479
split,30.1378,-0.4342
split,30.1647,0.3975
split,30.1917,0.3910
split,30.2187,-0.1057
split,30.2456,0.4242
split,30.2726,-0.1801
split,30.2996,-1.4331
split,30.3265,-1.3413
split,30.3535,-0.8290
split,30.3805,0.2412
split,30.4075,-1.0891
split,30.4344,-1.0151
split,30.4614,1.0271
split,30.4884,1.1464
split,30.5153,1.4307
split,30.5423,1.0502
split,30.5693,0.8584
split,30.5962,1.0091
split,30.6232,0.7187
split,30.6502,-0.5383
split,30.6771,-0.2583
split,30.7041,0.8556
split,30.7311,0.9777
split,30.7580,-0.4585
split,30.7850,-0.6336
split,30.8120,0.5777
split,30.8390,0.6202
split,30.8659,-0.6497
split,30.8929,-0.8197
split,30.9199,-0.8799
split,30.9468,-0.5935
split,30.9738,0.5450
split,31.0008,0.8437
split,31.0277,0.8770
split,31.0547,0.7931
split,31.0817,0.7949
split,31.1086,0.5196
split,31.1356,-0.2624
split,31.1626,-0.9148
split,31.1896,-0.5830
split,31.2165,-0.5105
split,31.2435,-1.4065
split,31.2705,-3.1942
split,31.2974,-3.7450
split,31.3244,-3.8618
split,31.3514,-3.8469
split,31.3783,-4.1500
split,31.4053,-4.1898
split,31.4323,-3.8713
split,31.4592,-3.7720
split,31.4862,-3.0144
split,31.5132,-3.3133
split,31.5401,-3.6949
split,31.5671,-3.5676
split,31.5941,-3.5086
split,31.6211,-3.5070
split,31.6480,-3.5785
split,31.6750,-3.4757
split,31.7020,-3.2752
split,31.7289,-3.7211
split,31.7559,-3.8820
split,31.7829,-4.2217
split,31.8098,-3.6355
split,31.8368,-2.4084
split,31.8638,-2.3502
split,31.8907,-1.9775
split,31.9177,-1.2728
split,31.9447,0.9648
split,31.9716,0.9634
split,31.9986,-0.2055
split,32.0256,-0.0685
split,32.0526,0.2983
split,32.0795,-0.5544
split,32.1065,0.3471
split,32.1335,0.3327
split,32.1604,-0.4810
split,32.1874,0.2459
split,32.2144,1.0707
split,32.2413,1.0321
split,32.2683,0.9470
split,32.2953,-0.3111
split,32.3222,-1.6685
split,32.3492,0.7950
split,32.3762,-0.3663
split,32.4032,0.0000
split,32.4301,-0.1931
split,32.4571,-0.3687
split,32.4841,-1.0237
split,32.5110,-0.8747
split,32.5380,-0.6237
split,32.5650,0.4517
split,32.5919,0.6144
split,32.6189,0.8139
split,32.6459,-0.9477
split,32.6728,-0.9762
split,32.6998,-0.9033
split,32.7268,-1.3745
split,32.7537,-1.6909
split,32.7807,-1.7654
split,32.8077,-1.6053
split,32.8347,-1.0158
split,32.8616,-0.6566
split,32.8886,0.4096
split,32.9156,-0.4760
split,32.9425,0.6122
split,32.9695,0.6457
split,32.9965,-0.8117
split,33.0234,0.9440
split,33.0504,1.1725
split,33.0774,1.7718
split,33.1043,1.4316
split,33.1313,-0.5050
split,33.1583,0.7660
split,33.1852,-0.4779
split,33.2122,-1.2664
split,33.2392,-1.8385
split,33.2662,-1.3261
split,33.2931,0.2277
split,33.3201,-1.2676
split,33.3471,-1.0138
split,33.3740,-0.2812
split,33.4010,0.3466
split,33.4280,0.6303
split,33.4549,0.4608
split,33.4819,-0.8889
split,33.5089,-1.1041
split,33.5358,-1.2892
split,33.5628,-1.4365
split,33.5898,-0.9463
split,33.6168,-0.9196
split,33.6437,-0.5230
split,33.6707,-0.5225
split,33.6977,-0.7005
split,33.7246,-1.4990
split,33.7516,-1.5264
split,33.7786,-0.8907
split,33.8055,-1.0220
split,33.8325,-1.0358
split,33.8595,-0.8219
split,33.8864,-1.1375
split,33.9134,-1.0904
split,33.9404,-1.3673
split,33.9673,-1.4909
split,33.9943,-0.7787
split,34.0213,-0.1359
split,34.0483,-0.7562
split,34.0752,-0.7206
split,34.1022,-0.9051
split,34.1292,0.8570
split,34.1561,0.9678
split,34.1831,0.8219
split,34.2101,-0.4873
split,34.2370,-0.9567
split,34.2640,-0.8699
split,34.2910,-1.2459
split,34.3179,-0.5745
split,34.3449,-1.5619
split,34.3719,-1.4974
split,34.3989,-1.5275
split,34.4258,-0.5021
split,34.4528,-0.4384
split,34.4798,0.7509
split,34.5067,0.5744
split,34.5337,0.5066
split,34.5607,-0.4227
split,34.5876,-0.6644
split,34.6146,0.1536
split,34.6416,0.4167
split,34.6685,-0.3758
split,34.6955,-0.2113
split,34.7225,-0.3905
split,34.7494,-0.5739
split,34.7764,-0.5866
split,34.8034,0.3808
split,34.8304,-0.2936
split,34.8573,1.2720
split,34.8843,1.4147
split,34.9113,1.3964
split,34.9382,-1.0603
split,34.9652,-1.4800
split,34.9922,-1.6544
split,35.0191,-2.2583
split,35.0461,-2.2024
split,35.0731,-1.9454
split,35.1000,-2.4993
split,35.1270,-3.5664
split,35.1540,-3.3184
split,35.1809,-2.9648
split,35.2079,-2.0608
split,35.2349,-2.0348
split,35.2619,-1.5186
split,35.2888,-0.8777
split,35.3158,0.5804
split,35.3428,0.3299
split,35.3697,-0.9124
split,35.3967,-1.0200
split,35.4237,0.8010
split,35.4506,0.3286
split,35.4776,-0.9176
split,35.5046,-1.0340
split,35.5315,0.2935
split,35.5585,0.5224
split,35.5855,1.5058
split,35.6125,1.5912
split,35.6394,1.4579
split,35.6664,1.0935
split,35.6934,0.8260
split,35.7203,1.0424
split,35.7473,1.7556
split,35.7743,1.7905
split,35.8012,-0.4352
split,35.8282,-0.2242
split,35.8552,0.3897
split,35.8821,0.7920
split,35.9091,0.9862
split,35.9361,0.6050
split,35.9630,0.1707
split,35.9900,-0.3564
split,36.0170,-0.7157
split,36.0440,0.9996
split,36.0709,1.3514
split,36.0979,0.9909
split,36.1249,-1.0833
split,36.1518,-1.1437
split,36.1788,-1.4267
split,36.2058,-1.4409
split,36.2327,-1.1477
split,36.2597,-0.9093
split,36.2867,0.3955
split,36.3136,0.6803
split,36.3406,0.8207
split,36.3676,-0.4780
split,36.3946,-0.6243
split,36.4215,0.7459
split,36.4485,0.4115
split,36.4755,0.3756
split,36.5024,0.5377
split,36.5294,-0.4033
split,36.5564,-0.6536
split,36.5833,-0.5974
split,36.6103,0.8010
split,36.6373,0.6773
split,36.6642,-0.3283
split,36.6912,0.2717
split,36.7182,0.5029
split,36.7451,0.7734
split,36.7721,0.5357
split,36.7991,0.7948
split,36.8261,0.7146
split,36.8530,0.3453
split,36.8800,-0.3736
split,36.9070,0.6276
split,36.9339,0.5482
split,36.9609,-0.3854
split,36.9879,0.3680
split,37.0148,0.1145
split,37.0418,-0.5720
split,37.0688,-1.9308
split,37.0957,-3.0372
split,37.1227,-2.9113
split,37.1497,-3.2038
split,37.1766,-3.1272
split,37.2036,-3.4537
split,37.2306,-2.5964
split,37.2576,-1.9826
split,37.2845,-1.9351
split,37.3115,-1.3113
split,37.3385,-1.2991
split,37.3654,-0.5767
split,37.3924,0.5974
split,37.4194,-0.0573
split,37.4463,-0.0335
split,37.4733,-0.5926
split,37.5003,-0.5645
split,37.5272,-0.2765
split,37.5542,0.7641
split,37.5812,0.6374
split,37.6082,0.4222
split,37.6351,0.7689
split,37.6621,0.4247
split,37.6891,0.1548
split,37.7160,0.3171
split,37.7430,0.5884
split,37.7700,0.8611
split,37.7969,1.2813
split,37.8239,1.6986
split,37.8509,1.5804
split,37.8778,1.3853
split,37.9048,-0.4967
split,37.9318,-0.4827
split,37.9587,0.1691
split,37.9857,0.5719
split,38.0127,0.7623
split,38.0397,0.5734
split,38.0666,-1.0358
split,38.0936,-1.1097
split,38.1206,0.4558
split,38.1475,-0.4633
split,38.1745,0.7566
split,38.2015,0.7952
split,38.2284,0.4176
split,38.2554,-0.5443
split,38.2824,0.5131
split,38.3093,0.5857
split,38.3363,0.2648
split,38.3633,0.2885
split,38.3903,0.2233
split,38.4172,-0.9797
split,38.4442,-0.3739
split,38.4712,0.4959
split,38.4981,1.0496
split,38.5251,0.7376
split,38.5521,-0.3522
split,38.5790,0.5972
split,38.6060,0.5600
split,38.6330,0.9113
split,38.6599,0.2069
split,38.6869,0.6273
split,38.7139,0.4351
split,38.7408,0.5396
split,38.7678,0.6295
split,38.7948,0.3858
split,38.8218,-0.6327
split,38.8487,0.3427
split,38.8757,-0.4293
split,38.9027,-0.8139
split,38.9296,0.6826
split,38.9566,0.6548
split,38.9836,-0.2378
split,39.0105,0.4858
split,39.0375,0.4888
split,39.0645,-0.9061
split,39.0914,-0.2333
split,39.1184,-0.1130
split,39.1454,-0.5919
split,39.1723,-0.6370
split,39.1993,-0.5690
split,39.2263,-0.6659
split,39.2533,0.1264
split,39.2802,0.4003
split,39.3072,-0.7033
split,39.3342,0.4822
split,39.3611,0.6812
split,39.3881,-0.6107
split,39.4151,0.7772
split,39.4420,1.3520
split,39.4690,0.6612
split,39.4960,0.7921
split,39.5229,0.5753
split,39.5499,0.4196
split,39.5769,-0.3907
split,39.6039,1.1341
split,39.6308,2.3162
split,39.6578,1.3861
split,39.6848,1.0105
split,39.7117,1.2569
split,39.7387,-0.5516
split,39.7657,0.7821
split,39.7926,0.8278
split,39.8196,0.0288
split,39.8466,-0.9798
split,39.8735,-0.9162
split,39.9005,-1.0665
split,39.9275,-1.3591
split,39.9544,-1.2368
split,39.9814,-0.8194
split,40.0084,-0.2418
split,40.0354,-0.1834
split,40.0623,0.0888
split,40.0893,-0.0768
split,40.1163,-0.5671
split,40.1432,-0.6920
split,40.1702,-0.6581
split,40.1972,0.8547
split,40.2241,-0.5471
split,40.2511,-0.2073
split,40.2781,0.7199
split,40.3050,-0.4056
split,40.3320,0.6918
split,40.3590,1.4275
split,40.3860,0.9366
split,40.4129,0.4445
split,40.4399,-0.4317
split,40.4669,0.9853
split,40.4938,0.8849
split,40.5208,0.9662
split,40.5478,1.2552
split,40.5747,0.8351
split,40.6017,-0.7330
split,40.6287,-0.7196
split,40.6556,-0.4905
split,40.6826,-0.4070
split,40.7096,-0.6967
split,40.7365,-0.6978
split,40.7635,0.2176
split,40.7905,-0.8942
split,40.8175,-1.2758
split,40.8444,-0.5242
split,40.8714,0.5142
split,40.8984,-0.5869
split,40.9253,0.9169
split,40.9523,0.9304
split,40.9793,0.9390
split,41.0062,1.1559
split,41.0332,1.3139
split,41.0602,1.4678
split,41.0871,1.1247
split,41.1141,0.3471
split,41.1411,-0.7960
split,41.1680,-0.7892
split,41.1950,0.9836
split,41.2220,1.1506
split,41.2490,1.1748
split,41.2759,0.5284
split,41.3029,-0.7895
split,41.3299,-0.7209
split,41.3568,-0.6809
split,41.3838,-0.9980
split,41.4108,-1.0100
split,41.4377,0.6041
split,41.4647,0.8018
split,41.4917,0.9250
split,41.5186,1.0537
split,41.5456,-0.1056
split,41.5726,1.0504
split,41.5996,-2.0519
split,41.6265,-2.2612
split,41.6535,-0.8858
split,41.6805,-0.3589
split,41.7074,-0.1166
split,41.7344,0.7044
split,41.7614,0.9540
split,41.7883,0.9258
split,41.8153,-0.0223
split,41.8423,0.0000
split,41.8692,-0.3250
split,41.8962,-0.8319
split,41.9232,-0.2453
split,41.9501,0.3231
split,41.9771,-1.1109
split,42.0041,-0.0744
split,42.0311,0.0870
split,42.0580,-0.6204
split,42.0850,0.1923
split,42.1120,-0.7043
split,42.1389,-0.4000
split,42.1659,0.5170
split,42.1929,-0.3244
split,42.2198,0.0000
split,42.2468,0.0000
split,42.2738,0.0000
split,42.3007,0.0000
split,42.3277,0.0000
split,42.3547,0.0000
split,42.3816,0.0000
split,42.4086,0.0000
split,42.4356,0.0000
split,42.4626,0.0000
split,42.4895,0.0000
split,42.5165,0.0000
split,42.5435,0.0000
split,42.5704,0.0000
split,42.5974,0.0000
split,42.6244,0.0000
split,42.6513,0.0000
split,42.6783,0.0000
split,42.7053,0.0000
split,42.7322,0.0000
split,42.7592,0.0000
split,42.7862,0.0000
split,42.8132,0.0000
split,42.8401,0.0000
split,42.8671,0.0000
split,42.8941,0.0000
split,42.9210,-0.4141
split,42.9480,0.1451
split,42.9750,-0.6692
split,43.0019,0.3843
split,43.0289,0.7680
split,43.0559,0.6773
split,43.0828,-0.6224
split,43.1098,0.0000
split,43.1368,0.0167
split,43.1637,0.9656
split,43.1907,-0.5346
split,43.2177,-0.8121
split,43.2447,-0.4105
split,43.2716,0.0774
split,43.2986,-0.7728
split,43.3256,-0.9021
split,43.3525,0.2951
split,43.3795,0.0000
split,43.4065,0.0000
split,43.4334,0.0000
split,43.4604,-0.2905
split,43.4874,0.8539
split,43.5143,-0.7910
split,43.5413,-0.5038
split,43.5683,0.8257
split,43.5953,0.5292
split,43.6222,0.3740
split,43.6492,-0.4892
split,43.6762,-0.2832
split,43.7031,0.7368
split,43.7301,1.2584
split,43.7571,1.2401
split,43.7840,0.7775
split,43.8110,-0.5407
split,43.8380,-0.5639
split,43.8649,-0.5251
split,43.8919,-0.4483
split,43.9189,0.4683
split,43.9458,0.5014
split,43.9728,-0.5942
split,43.9998,-0.4778
split,44.0268,-0.5947
split,44.0537,0.2427
split,44.0807,0.5685
split,44.1077,-0.3339
split,44.1346,-0.0111
split,44.1616,-1.1105
split,44.1886,0.8443
split,44.2155,0.8635
split,44.2425,-0.5934
split,44.2695,0.1366
split,44.2964,-0.8668
split,44.3234,-0.4415
split,44.3504,0.0904
split,44.3773,-0.3183
split,44.4043,0.0000
split,44.4313,0.4106
split,44.4583,0.4674
split,44.4852,0.9406
split,44.5122,0.9747
split,44.5392,-0.5632
split,44.5661,0.2213
split,44.5931,0.0000
split,44.6201,-0.0020
split,44.6470,-0.7557
split,44.6740,0.2600
split,44.7010,0.0000
split,44.7279,-1.2066
split,44.7549,0.6675
split,44.7819,-0.2068
split,44.8089,0.1245
split,44.8358,0.4083
split,44.8628,0.4289
split,44.8898,0.3695
split,44.9167,0.3332
split,44.9437,0.5131
split,44.9707,1.0022
split,44.9976,0.9719
split,45.0246,0.9682
split,45.0516,0.8480
split,45.0785,0.9936
split,45.1055,-0.6496
split,45.1325,-0.1690
split,45.1594,0.9110
split,45.1864,0.3422
split,45.2134,-0.4315
split,45.2404,-0.4365
split,45.2673,0.2317
split,45.2943,0.1062
split,45.3213,-0.7640
split,45.3482,0.7875
split,45.3752,0.7436
split,45.4022,1.4192
split,45.4291,-0.4442
split,45.4561,0.4377
split,45.4831,1.0917
split,45.5100,1.5771
split,45.5370,2.4948
split,45.5640,3.2126
split,45.5910,4.1292
split,45.6179,2.6094
split,45.6449,1.5795
split,45.6719,1.3849
split,45.6988,1.0620
split,45.7258,-0.2979
split,45.7528,0.4314
split,45.7797,0.4380
split,45.8067,-0.6827
split,45.8337,-0.2542
split,45.8606,-0.3285
split,45.8876,0.2593
split,45.9146,1.0671
split,45.9415,1.2510
split,45.9685,1.8661
split,45.9955,1.8843
split,46.0225,1.9280
split,46.0494,2.0538
split,46.0764,1.2759
split,46.1034,-0.6057
split,46.1303,0.6268
split,46.1573,0.7721
split,46.1843,0.9217
split,46.2112,0.6218
split,46.2382,-0.4758
split,46.2652,-0.5260
split,46.2921,0.4151
split,46.3191,-1.2404
split,46.3461,1.0237
split,46.3730,1.2060
split,46.4000,-0.6174
split,46.4270,-0.7343
split,46.4540,-0.3780
split,46.4809,1.1793
split,46.5079,1.3672
split,46.5349,1.3381
split,46.5618,1.0552
split,46.5888,0.9406
split,46.6158,0.5551
split,46.6427,0.8704
split,46.6697,-1.2175
split,46.6967,-1.3175
split,46.7236,-0.5678
split,46.7506,0.0000
split,46.7776,-0.2014
split,46.8046,-1.1495
split,46.8315,-1.3906
split,46.8585,-1.0825
split,46.8855,0.4603
split,46.9124,-0.1938
split,46.9394,-0.7129
split,46.9664,-1.4476
split,46.9933,-0.3934
split,47.0203,0.6474
split,47.0473,0.9721
split,47.0742,-1.3879
split,47.1012,-1.0099
split,47.1282,0.5980
split,47.1551,-0.5176
split,47.1821,0.8722
split,47.2091,-0.1379
split,47.2361,-1.4588
split,47.2630,-0.9533
split,47.2900,-0.5614
split,47.3170,0.4780
split,47.3439,0.2376
split,47.3709,2.1807
split,47.3979,2.2558
split,47.4248,-0.8775
split,47.4518,-1.0985
split,47.4788,-1.3278
split,47.5057,-1.1040
split,47.5327,-0.3563
split,47.5597,0.5567
split,47.5867,0.2566
split,47.6136,-0.5807
split,47.6406,0.5221
split,47.6676,0.7413
split,47.6945,0.0000
split,47.7215,-1.2262
split,47.7485,-1.1486
split,47.7754,-0.8151
split,47.8024,-0.5690
split,47.8294,0.3016
split,47.8563,0.3428
split,47.8833,-0.8746
split,47.9103,-0.8439
split,47.9372,0.4596
split,47.9642,0.7134
split,47.9912,-0.5878
split,48.0182,-0.5409
split,48.0451,0.7572
split,48.0721,0.7398
split,48.0991,1.3622
split,48.1260,-0.6695
split,48.1530,0.6521
split,48.1800,-0.6826
split,48.2069,-0.4301
split,48.2339,0.7584
split,48.2609,1.0648
split,48.2878,0.7240
split,48.3148,-0.2363
split,48.3418,-1.6922
split,48.3687,-1.9253
split,48.3957,-1.3541
split,48.4227,-0.9363
split,48.4497,-0.5408
split,48.4766,0.2407
split,48.5036,0.5225
split,48.5306,0.5013
split,48.5575,-0.6953
split,48.5845,-1.1066
split,48.6115,-1.4989
split,48.6384,-1.9540
split,48.6654,-2.1132
split,48.6924,1.0044
split,48.7193,-0.4901
split,48.7463,0.5161
split,48.7733,-0.8697
split,48.8003,-0.3487
split,48.8272,0.6117
split,48.8542,-0.6444
split,48.8812,0.6126
split,48.9081,-0.6555
split,48.9351,-1.3263
split,48.9621,-0.8146
split,48.9890,-0.4546
split,49.0160,-0.1471
split,49.0430,0.6205
split,49.0699,0.6453
split,49.0969,1.4922
split,49.1239,0.9568
split,49.1508,0.0991
split,49.1778,-0.3598
split,49.2048,0.1860
split,49.2318,0.3857
split,49.2587,-0.4330
split,49.2857,0.8268
split,49.3127,0.7166
split,49.3396,-0.0146
split,49.3666,-0.4490
split,49.3936,0.0000
split,49.4205,-0.8818
split,49.4475,0.8410
split,49.4745,-0.5884
split,49.5014,0.5152
split,49.5284,0.3362
split,49.5554,-0.4863
split,49.5824,0.6190
split,49.6093,1.0861
split,49.6363,-0.2640
split,49.6633,0.5321
split,49.6902,-0.9814
split,49.7172,-0.5290
split,49.7442,1.4433
split,49.7711,1.1386
split,49.7981,0.9185
split,49.8251,0.9301
split,49.8520,0.8997
split,49.8790,0.5666
split,49.9060,-0.0451
split,49.9329,-0.5081
split,49.9599,-1.3961
split,49.9869,-1.1743
split,50.0139,0.5472
split,50.0408,-0.9110
split,50.0678,-0.9194
split,50.0948,-1.6501
split,50.1217,-1.3096
split,50.1487,-1.2370
split,50.1757,-0.9402
split,50.2026,-0.8815
split,50.2296,0.6355
split,50.2566,-1.3507
split,50.2835,-0.7172
split,50.3105,-0.6926
split,50.3375,-0.8552
split,50.3644,1.3663
split,50.3914,1.9247
split,50.4184,2.1702
split,50.4454,0.3084
split,50.4723,0.6981
split,50.4993,1.3415
split,50.5263,1.5569
split,50.5532,-0.9404
split,50.5802,1.1444
split,50.6072,0.6830
split,50.6341,0.7758
split,50.6611,-1.1442
split,50.6881,-0.2883
split,50.7150,0.3959
split,50.7420,1.2778
split,50.7690,1.4396
split,50.7960,0.4846
split,50.8229,-0.9444
split,50.8499,-0.9459
split,50.8769,0.3430
split,50.9038,0.6976
split,50.9308,0.8925
split,50.9578,1.0403
split,50.9847,0.2044
split,51.0117,0.4646
split,51.0387,1.4664
split,51.0656,0.2613
split,51.0926,-0.0677
split,51.1196,-0.1364
split,51.1465,-0.0286
split,51.1735,-0.7343
split,51.2005,0.7236
split,51.2275,0.6108
split,51.2544,0.1504
split,51.2814,-0.5603
split,51.3084,1.1583
split,51.3353,1.1527
split,51.3623,0.6482
split,51.3893,-1.6384
split,51.4162,-0.5455
split,51.4432,-0.2448
split,51.4702,-0.7964
split,51.4971,0.2558
split,51.5241,-0.7356
split,51.5511,-0.3850
split,51.5780,-0.2874
split,51.6050,0.4223
split,51.6320,-0.6717
split,51.6590,-0.3433
split,51.6859,0.8737
split,51.7129,0.1491
split,51.7399,1.0118
split,51.7668,1.2344
split,51.7938,1.0997
split,51.8208,0.5964
split,51.8477,0.6102
split,51.8747,0.5198
split,51.9017,0.5203
split,51.9286,0.4758
split,51.9556,-0.5851
split,51.9826,-0.2487
split,52.0096,-0.5967
split,52.0365,-0.4694
split,52.0635,1.1706
split,52.0905,-0.6040
split,52.1174,-0.5147
split,52.1444,-0.7281
split,52.1714,0.6847
split,52.1983,0.5199
split,52.2253,0.2624
split,52.2523,1.0392
split,52.2792,0.2521
split,52.3062,-0.3976
split,52.3332,0.3187
split,52.3601,-0.7162
split,52.3871,1.4162
split,52.4141,1.2931
split,52.4411,1.0008
split,52.4680,0.5790
split,52.4950,1.3758
split,52.5220,1.3111
split,52.5489,1.3978
split,52.5759,1.7177
split,52.6029,-0.6470
split,52.6298,0.5501
split,52.6568,0.4340
split,52.6838,-0.5126
split,52.7107,-0.2970
split,52.7377,0.3416
split,52.7647,-0.6751
split,52.7917,-0.6304
split,52.8186,-0.5512
split,52.8456,0.4440
split,52.8726,-0.8977
split,52.8995,-1.6530
split,52.9265,-1.4667
split,52.9535,-1.1427
split,52.9804,-1.7342
split,53.0074,-1.5101
split,53.0344,-0.5549
split,53.0613,0.5069
split,53.0883,0.8031
split,53.1153,-1.4610
split,53.1422,-0.8022
split,53.1692,0.2283
split,53.1962,0.6259
split,53.2232,0.5434
split,53.2501,1.2527
split,53.2771,-0.9978
split,53.3041,-1.1740
split,53.3310,-0.7623
split,53.3580,-0.8343
split,53.3850,0.3819
split,53.4119,0.4836
split,53.4389,0.5311
split,53.4659,0.7116
split,53.4928,0.4537
split,53.5198,-0.7531
split,53.5468,-0.6493
split,53.5737,0.8307
split,53.6007,0.8468
split,53.6277,1.0061
split,53.6547,0.4755
split,53.6816,-0.3315
split,53.7086,0.8139
split,53.7356,0.5042
split,53.7625,0.7367
split,53.7895,0.2586
split,53.8165,1.7194
split,53.8434,1.8070
split,53.8704,2.3504
split,53.8974,2.4941
split,53.9243,0.9810
